attempt_uid,source_id,run_id,crate,model,target_id,target_fqn,node_id,attempt,func_key,resolution_path,rule_resolved,final_resolved,error_codes,difficulty_bucket,batch_id,strict_success,normalized_success,normalized_status,frozen_status
humantime_direct_llm_1shot::ht_001::1,direct_llm_1shot,humantime_direct_llm_1shot,humantime,gemini-2.5-flash,ht_001,<u64 as duration::OverflowOp>::add,ht_001,1,<u64 as duration::OverflowOp>::add,unresolved,False,False,E0432,single_error,humantime_direct_llm_1shot::batch_0001,False,False,normalized_unresolved,frozen_cleared
humantime_direct_llm_1shot::ht_001::2,direct_llm_1shot,humantime_direct_llm_1shot,humantime,gemini-2.5-flash,ht_001,<u64 as duration::OverflowOp>::add,ht_001,2,<u64 as duration::OverflowOp>::add,unresolved,False,False,E0432,single_error,humantime_direct_llm_1shot::batch_0002,False,False,normalized_unresolved,frozen_cleared
humantime_direct_llm_1shot::ht_003::1,direct_llm_1shot,humantime_direct_llm_1shot,humantime,gemini-2.5-flash,ht_003,<wrapper::Duration as std::convert::AsRef<std::time::Duration>>::as_ref,ht_003,1,<wrapper::Duration as std::convert::AsRef<std::time::Duration>>::as_ref,full,False,True,E0599,single_error,humantime_direct_llm_1shot::batch_0003,True,True,normalized_resolved,frozen_cleared
humantime_direct_llm_1shot::ht_003::2,direct_llm_1shot,humantime_direct_llm_1shot,humantime,gemini-2.5-flash,ht_003,<wrapper::Duration as std::convert::AsRef<std::time::Duration>>::as_ref,ht_003,2,<wrapper::Duration as std::convert::AsRef<std::time::Duration>>::as_ref,full,False,True,E0599,single_error,humantime_direct_llm_1shot::batch_0004,True,True,normalized_resolved,frozen_cleared
humantime_direct_llm_1shot::ht_005::1,direct_llm_1shot,humantime_direct_llm_1shot,humantime,gemini-2.5-flash,ht_005,<wrapper::Duration as std::convert::Into<std::time::Duration>>::into,ht_005,1,<wrapper::Duration as std::convert::Into<std::time::Duration>>::into,unresolved,False,False,E0423,single_error,humantime_direct_llm_1shot::batch_0005,False,False,normalized_unresolved,frozen_unresolved
humantime_direct_llm_1shot::ht_007::1,direct_llm_1shot,humantime_direct_llm_1shot,humantime,gemini-2.5-flash,ht_007,<wrapper::Duration as std::str::FromStr>::from_str,ht_007,1,<wrapper::Duration as std::str::FromStr>::from_str,unresolved,False,False,E0599,single_error,humantime_direct_llm_1shot::batch_0006,False,False,normalized_unresolved,frozen_unresolved
humantime_direct_llm_1shot::ht_007::2,direct_llm_1shot,humantime_direct_llm_1shot,humantime,gemini-2.5-flash,ht_007,<wrapper::Duration as std::str::FromStr>::from_str,ht_007,2,<wrapper::Duration as std::str::FromStr>::from_str,unresolved,False,False,E0599,single_error,humantime_direct_llm_1shot::batch_0007,False,False,normalized_unresolved,frozen_unresolved
humantime_direct_llm_1shot::ht_007::3,direct_llm_1shot,humantime_direct_llm_1shot,humantime,gemini-2.5-flash,ht_007,<wrapper::Duration as std::str::FromStr>::from_str,ht_007,3,<wrapper::Duration as std::str::FromStr>::from_str,full,False,True,E0599,single_error,humantime_direct_llm_1shot::batch_0008,True,True,normalized_resolved,frozen_cleared
humantime_direct_llm_1shot::ht_010::1,direct_llm_1shot,humantime_direct_llm_1shot,humantime,gemini-2.5-flash,ht_010,<wrapper::Timestamp as std::convert::Into<std::time::SystemTime>>::into,ht_010,1,<wrapper::Timestamp as std::convert::Into<std::time::SystemTime>>::into,rule,True,True,E0432,single_error,humantime_direct_llm_1shot::batch_0009,True,True,normalized_resolved,frozen_cleared
humantime_direct_llm_1shot::ht_010::2,direct_llm_1shot,humantime_direct_llm_1shot,humantime,gemini-2.5-flash,ht_010,<wrapper::Timestamp as std::convert::Into<std::time::SystemTime>>::into,ht_010,2,<wrapper::Timestamp as std::convert::Into<std::time::SystemTime>>::into,full,False,True,E0599,single_error,humantime_direct_llm_1shot::batch_0010,True,True,normalized_resolved,frozen_cleared
humantime_direct_llm_1shot::ht_010::3,direct_llm_1shot,humantime_direct_llm_1shot,humantime,gemini-2.5-flash,ht_010,<wrapper::Timestamp as std::convert::Into<std::time::SystemTime>>::into,ht_010,3,<wrapper::Timestamp as std::convert::Into<std::time::SystemTime>>::into,rule,True,True,E0432,single_error,humantime_direct_llm_1shot::batch_0011,True,True,normalized_resolved,frozen_cleared
humantime_direct_llm_1shot::ht_012::1,direct_llm_1shot,humantime_direct_llm_1shot,humantime,gemini-2.5-flash,ht_012,<wrapper::Timestamp as std::str::FromStr>::from_str,ht_012,1,<wrapper::Timestamp as std::str::FromStr>::from_str,unresolved,False,False,"E0432,E0433",multi_supported_only,humantime_direct_llm_1shot::batch_0012,False,False,normalized_unresolved,frozen_unresolved
humantime_direct_llm_1shot::ht_013::1,direct_llm_1shot,humantime_direct_llm_1shot,humantime,gemini-2.5-flash,ht_013,date::Rfc3339Timestamp::get_ref,ht_013,1,date::Rfc3339Timestamp::get_ref,unresolved,False,False,E0061,single_error,humantime_direct_llm_1shot::batch_0013,False,False,normalized_unresolved,frozen_cleared
humantime_direct_llm_1shot::ht_013::2,direct_llm_1shot,humantime_direct_llm_1shot,humantime,gemini-2.5-flash,ht_013,date::Rfc3339Timestamp::get_ref,ht_013,2,date::Rfc3339Timestamp::get_ref,unresolved,False,False,E0061,single_error,humantime_direct_llm_1shot::batch_0014,False,False,normalized_unresolved,frozen_cleared
humantime_direct_llm_1shot::ht_013::3,direct_llm_1shot,humantime_direct_llm_1shot,humantime,gemini-2.5-flash,ht_013,date::Rfc3339Timestamp::get_ref,ht_013,3,date::Rfc3339Timestamp::get_ref,unresolved,False,False,E0061,single_error,humantime_direct_llm_1shot::batch_0015,False,False,normalized_unresolved,frozen_cleared
humantime_direct_llm_1shot::ht_014::1,direct_llm_1shot,humantime_direct_llm_1shot,humantime,gemini-2.5-flash,ht_014,date::format_rfc3339,ht_014,1,date::format_rfc3339,unresolved,False,False,E0428,single_error,humantime_direct_llm_1shot::batch_0016,False,False,normalized_unresolved,frozen_unresolved
humantime_direct_llm_1shot::ht_015::1,direct_llm_1shot,humantime_direct_llm_1shot,humantime,gemini-2.5-flash,ht_015,date::format_rfc3339_micros,ht_015,1,date::format_rfc3339_micros,full,False,True,E0599,single_error,humantime_direct_llm_1shot::batch_0017,True,True,normalized_resolved,frozen_cleared
humantime_direct_llm_1shot::ht_020::1,direct_llm_1shot,humantime_direct_llm_1shot,humantime,gemini-2.5-flash,ht_020,date::parse_rfc3339,ht_020,1,date::parse_rfc3339,full,False,True,E0599,single_error,humantime_direct_llm_1shot::batch_0018,True,True,normalized_resolved,frozen_cleared
humantime_direct_llm_1shot::ht_021::1,direct_llm_1shot,humantime_direct_llm_1shot,humantime,gemini-2.5-flash,ht_021,date::parse_rfc3339_weak,ht_021,1,date::parse_rfc3339_weak,unresolved,False,False,E0428,single_error,humantime_direct_llm_1shot::batch_0019,False,False,normalized_unresolved,frozen_unresolved
humantime_direct_llm_1shot::ht_022::1,direct_llm_1shot,humantime_direct_llm_1shot,humantime,gemini-2.5-flash,ht_022,date::two_digits,ht_022,1,date::two_digits,rule,True,True,E0432,single_error,humantime_direct_llm_1shot::batch_0020,True,True,normalized_resolved,frozen_cleared
humantime_direct_llm_1shot::ht_022::2,direct_llm_1shot,humantime_direct_llm_1shot,humantime,gemini-2.5-flash,ht_022,date::two_digits,ht_022,2,date::two_digits,rule,True,True,E0432,single_error,humantime_direct_llm_1shot::batch_0021,True,True,normalized_resolved,frozen_cleared
humantime_direct_llm_1shot::ht_022::3,direct_llm_1shot,humantime_direct_llm_1shot,humantime,gemini-2.5-flash,ht_022,date::two_digits,ht_022,3,date::two_digits,rule,True,True,E0432,single_error,humantime_direct_llm_1shot::batch_0022,True,True,normalized_resolved,frozen_cleared
humantime_direct_llm_1shot::ht_023::1,direct_llm_1shot,humantime_direct_llm_1shot,humantime,gemini-2.5-flash,ht_023,date::two_digits::two_digits_inner,ht_023,1,date::two_digits::two_digits_inner,unresolved,False,False,E0425,single_error,humantime_direct_llm_1shot::batch_0023,False,False,normalized_unresolved,frozen_unresolved
humantime_direct_llm_1shot::ht_023::2,direct_llm_1shot,humantime_direct_llm_1shot,humantime,gemini-2.5-flash,ht_023,date::two_digits::two_digits_inner,ht_023,2,date::two_digits::two_digits_inner,unresolved,False,False,E0425,single_error,humantime_direct_llm_1shot::batch_0024,False,False,normalized_unresolved,frozen_unresolved
humantime_direct_llm_1shot::ht_023::3,direct_llm_1shot,humantime_direct_llm_1shot,humantime,gemini-2.5-flash,ht_023,date::two_digits::two_digits_inner,ht_023,3,date::two_digits::two_digits_inner,unresolved,False,False,E0425,single_error,humantime_direct_llm_1shot::batch_0025,False,False,normalized_unresolved,frozen_unresolved
humantime_direct_llm_1shot::ht_024::1,direct_llm_1shot,humantime_direct_llm_1shot,humantime,gemini-2.5-flash,ht_024,duration::FormattedDuration::get_ref,ht_024,1,duration::FormattedDuration::get_ref,unresolved,False,False,E0599,single_error,humantime_direct_llm_1shot::batch_0026,False,False,normalized_unresolved,frozen_unresolved
humantime_direct_llm_1shot::ht_024::2,direct_llm_1shot,humantime_direct_llm_1shot,humantime,gemini-2.5-flash,ht_024,duration::FormattedDuration::get_ref,ht_024,2,duration::FormattedDuration::get_ref,unresolved,False,False,E0599,single_error,humantime_direct_llm_1shot::batch_0027,False,False,normalized_unresolved,frozen_unresolved
humantime_direct_llm_1shot::ht_024::3,direct_llm_1shot,humantime_direct_llm_1shot,humantime,gemini-2.5-flash,ht_024,duration::FormattedDuration::get_ref,ht_024,3,duration::FormattedDuration::get_ref,unresolved,False,False,"E0277,E0308,E0599",multi_mixed,humantime_direct_llm_1shot::batch_0028,False,False,normalized_unresolved,frozen_unresolved
humantime_direct_llm_1shot::ht_025::1,direct_llm_1shot,humantime_direct_llm_1shot,humantime,gemini-2.5-flash,ht_025,duration::Parser::<'a>::off,ht_025,1,duration::Parser::<'a>::off,unresolved,False,False,E0599,single_error,humantime_direct_llm_1shot::batch_0029,False,False,normalized_unresolved,frozen_unresolved
humantime_direct_llm_1shot::ht_025::2,direct_llm_1shot,humantime_direct_llm_1shot,humantime,gemini-2.5-flash,ht_025,duration::Parser::<'a>::off,ht_025,2,duration::Parser::<'a>::off,unresolved,False,False,E0599,single_error,humantime_direct_llm_1shot::batch_0030,False,False,normalized_unresolved,frozen_unresolved
humantime_direct_llm_1shot::ht_025::3,direct_llm_1shot,humantime_direct_llm_1shot,humantime,gemini-2.5-flash,ht_025,duration::Parser::<'a>::off,ht_025,3,duration::Parser::<'a>::off,unresolved,False,False,E0599,single_error,humantime_direct_llm_1shot::batch_0031,False,False,normalized_unresolved,frozen_unresolved
humantime_direct_llm_1shot::ht_026::1,direct_llm_1shot,humantime_direct_llm_1shot,humantime,gemini-2.5-flash,ht_026,duration::Parser::<'a>::parse,ht_026,1,duration::Parser::<'a>::parse,unresolved,False,False,"E0164,E0599",multi_mixed,humantime_direct_llm_1shot::batch_0032,False,False,normalized_unresolved,frozen_unresolved
humantime_direct_llm_1shot::ht_026::2,direct_llm_1shot,humantime_direct_llm_1shot,humantime,gemini-2.5-flash,ht_026,duration::Parser::<'a>::parse,ht_026,2,duration::Parser::<'a>::parse,unresolved,False,False,E0599,single_error,humantime_direct_llm_1shot::batch_0033,False,False,normalized_unresolved,frozen_unresolved
humantime_direct_llm_1shot::ht_026::3,direct_llm_1shot,humantime_direct_llm_1shot,humantime,gemini-2.5-flash,ht_026,duration::Parser::<'a>::parse,ht_026,3,duration::Parser::<'a>::parse,unresolved,False,False,"E0533,E0599",multi_mixed,humantime_direct_llm_1shot::batch_0034,False,False,normalized_unresolved,frozen_unresolved
humantime_direct_llm_1shot::ht_027::1,direct_llm_1shot,humantime_direct_llm_1shot,humantime,gemini-2.5-flash,ht_027,duration::Parser::<'a>::parse_first_char,ht_027,1,duration::Parser::<'a>::parse_first_char,rule,True,True,E0432,single_error,humantime_direct_llm_1shot::batch_0035,True,True,normalized_resolved,frozen_cleared
humantime_direct_llm_1shot::ht_027::2,direct_llm_1shot,humantime_direct_llm_1shot,humantime,gemini-2.5-flash,ht_027,duration::Parser::<'a>::parse_first_char,ht_027,2,duration::Parser::<'a>::parse_first_char,unresolved,False,False,E0599,single_error,humantime_direct_llm_1shot::batch_0036,False,False,normalized_unresolved,frozen_unresolved
humantime_direct_llm_1shot::ht_027::3,direct_llm_1shot,humantime_direct_llm_1shot,humantime,gemini-2.5-flash,ht_027,duration::Parser::<'a>::parse_first_char,ht_027,3,duration::Parser::<'a>::parse_first_char,rule,True,True,E0432,single_error,humantime_direct_llm_1shot::batch_0037,True,True,normalized_resolved,frozen_cleared
humantime_direct_llm_1shot::ht_028::1,direct_llm_1shot,humantime_direct_llm_1shot,humantime,gemini-2.5-flash,ht_028,duration::Parser::<'a>::parse_unit,ht_028,1,duration::Parser::<'a>::parse_unit,unresolved,False,False,E0599,single_error,humantime_direct_llm_1shot::batch_0038,False,False,normalized_unresolved,frozen_unresolved
humantime_direct_llm_1shot::ht_028::2,direct_llm_1shot,humantime_direct_llm_1shot,humantime,gemini-2.5-flash,ht_028,duration::Parser::<'a>::parse_unit,ht_028,2,duration::Parser::<'a>::parse_unit,full,False,True,E0599,single_error,humantime_direct_llm_1shot::batch_0039,True,True,normalized_resolved,frozen_cleared
humantime_direct_llm_1shot::ht_028::3,direct_llm_1shot,humantime_direct_llm_1shot,humantime,gemini-2.5-flash,ht_028,duration::Parser::<'a>::parse_unit,ht_028,3,duration::Parser::<'a>::parse_unit,unresolved,False,False,E0599,single_error,humantime_direct_llm_1shot::batch_0040,False,False,normalized_unresolved,frozen_unresolved
humantime_direct_llm_1shot::ht_030::1,direct_llm_1shot,humantime_direct_llm_1shot,humantime,gemini-2.5-flash,ht_030,duration::item,ht_030,1,duration::item,unresolved,False,False,"E0061,E0116,E0599,E0658",multi_mixed,humantime_direct_llm_1shot::batch_0041,False,False,normalized_unresolved,frozen_unresolved
humantime_direct_llm_1shot::ht_030::2,direct_llm_1shot,humantime_direct_llm_1shot,humantime,gemini-2.5-flash,ht_030,duration::item,ht_030,2,duration::item,unresolved,False,False,"E0061,E0116,E0658",multi_unsupported_only,humantime_direct_llm_1shot::batch_0042,False,False,normalized_unresolved,frozen_unresolved
humantime_direct_llm_1shot::ht_030::3,direct_llm_1shot,humantime_direct_llm_1shot,humantime,gemini-2.5-flash,ht_030,duration::item,ht_030,3,duration::item,unresolved,False,False,E0404,single_error,humantime_direct_llm_1shot::batch_0043,False,False,normalized_unresolved,frozen_unresolved
humantime_direct_llm_1shot::ht_031::1,direct_llm_1shot,humantime_direct_llm_1shot,humantime,gemini-2.5-flash,ht_031,duration::item_plural,ht_031,1,duration::item_plural,unresolved,False,False,E0404,single_error,humantime_direct_llm_1shot::batch_0044,False,False,normalized_unresolved,frozen_unresolved
humantime_direct_llm_1shot::ht_031::2,direct_llm_1shot,humantime_direct_llm_1shot,humantime,gemini-2.5-flash,ht_031,duration::item_plural,ht_031,2,duration::item_plural,unresolved,False,False,E0404,single_error,humantime_direct_llm_1shot::batch_0045,False,False,normalized_unresolved,frozen_unresolved
humantime_direct_llm_1shot::ht_031::3,direct_llm_1shot,humantime_direct_llm_1shot,humantime,gemini-2.5-flash,ht_031,duration::item_plural,ht_031,3,duration::item_plural,unresolved,False,False,"E0061,E0116,E0599,E0658,unsafe_code",multi_mixed,humantime_direct_llm_1shot::batch_0046,False,False,normalized_unresolved,frozen_unresolved
humantime_gemini-2.5-flash-nothinking_20251109_134926::ht_003::1,rug_existing_humantime,humantime_gemini-2.5-flash-nothinking_20251109_134926,humantime,gemini-2.5-flash-nothinking,ht_003,<wrapper::Duration as std::convert::AsRef<std::time::Duration>>::as_ref,ht_003,1,<wrapper::Duration as std::convert::AsRef<std::time::Duration>>::as_ref,rule,True,True,E0433,single_error,humantime_gemini-2.5-flash-nothinking_20251109_134926::batch_0001,True,True,normalized_resolved,frozen_cleared
humantime_gemini-2.5-flash-nothinking_20251109_134926::ht_003::2,rug_existing_humantime,humantime_gemini-2.5-flash-nothinking_20251109_134926,humantime,gemini-2.5-flash-nothinking,ht_003,<wrapper::Duration as std::convert::AsRef<std::time::Duration>>::as_ref,ht_003,2,<wrapper::Duration as std::convert::AsRef<std::time::Duration>>::as_ref,rule,True,True,E0433,single_error,humantime_gemini-2.5-flash-nothinking_20251109_134926::batch_0002,True,True,normalized_resolved,frozen_cleared
humantime_gemini-2.5-flash-nothinking_20251109_134926::ht_004::1,rug_existing_humantime,humantime_gemini-2.5-flash-nothinking_20251109_134926,humantime,gemini-2.5-flash-nothinking,ht_004,<wrapper::Duration as std::convert::From<std::time::Duration>>::from,ht_004,1,<wrapper::Duration as std::convert::From<std::time::Duration>>::from,rule,True,True,E0433,single_error,humantime_gemini-2.5-flash-nothinking_20251109_134926::batch_0003,True,True,normalized_resolved,frozen_cleared
humantime_gemini-2.5-flash-nothinking_20251109_134926::ht_006::1,rug_existing_humantime,humantime_gemini-2.5-flash-nothinking_20251109_134926,humantime,gemini-2.5-flash-nothinking,ht_006,<wrapper::Duration as std::ops::Deref>::deref,ht_006,1,<wrapper::Duration as std::ops::Deref>::deref,rule,True,True,E0433,single_error,humantime_gemini-2.5-flash-nothinking_20251109_134926::batch_0004,True,True,normalized_resolved,frozen_cleared
humantime_gemini-2.5-flash-nothinking_20251109_134926::ht_006::2,rug_existing_humantime,humantime_gemini-2.5-flash-nothinking_20251109_134926,humantime,gemini-2.5-flash-nothinking,ht_006,<wrapper::Duration as std::ops::Deref>::deref,ht_006,2,<wrapper::Duration as std::ops::Deref>::deref,rule,True,True,E0433,single_error,humantime_gemini-2.5-flash-nothinking_20251109_134926::batch_0005,True,True,normalized_resolved,frozen_cleared
humantime_gemini-2.5-flash-nothinking_20251109_134926::ht_006::3,rug_existing_humantime,humantime_gemini-2.5-flash-nothinking_20251109_134926,humantime,gemini-2.5-flash-nothinking,ht_006,<wrapper::Duration as std::ops::Deref>::deref,ht_006,3,<wrapper::Duration as std::ops::Deref>::deref,rule,True,True,E0433,single_error,humantime_gemini-2.5-flash-nothinking_20251109_134926::batch_0006,True,True,normalized_resolved,frozen_cleared
humantime_gemini-2.5-flash-nothinking_20251109_134926::ht_007::1,rug_existing_humantime,humantime_gemini-2.5-flash-nothinking_20251109_134926,humantime,gemini-2.5-flash-nothinking,ht_007,<wrapper::Duration as std::str::FromStr>::from_str,ht_007,1,<wrapper::Duration as std::str::FromStr>::from_str,rule,True,True,E0433,single_error,humantime_gemini-2.5-flash-nothinking_20251109_134926::batch_0007,True,True,normalized_resolved,frozen_cleared
humantime_gemini-2.5-flash-nothinking_20251109_134926::ht_007::2,rug_existing_humantime,humantime_gemini-2.5-flash-nothinking_20251109_134926,humantime,gemini-2.5-flash-nothinking,ht_007,<wrapper::Duration as std::str::FromStr>::from_str,ht_007,2,<wrapper::Duration as std::str::FromStr>::from_str,rule,True,True,E0433,single_error,humantime_gemini-2.5-flash-nothinking_20251109_134926::batch_0008,True,True,normalized_resolved,frozen_cleared
humantime_gemini-2.5-flash-nothinking_20251109_134926::ht_008::1,rug_existing_humantime,humantime_gemini-2.5-flash-nothinking_20251109_134926,humantime,gemini-2.5-flash-nothinking,ht_008,<wrapper::Timestamp as std::convert::AsRef<std::time::SystemTime>>::as_ref,ht_008,1,<wrapper::Timestamp as std::convert::AsRef<std::time::SystemTime>>::as_ref,rule,True,True,E0433,single_error,humantime_gemini-2.5-flash-nothinking_20251109_134926::batch_0009,True,True,normalized_resolved,frozen_cleared
humantime_gemini-2.5-flash-nothinking_20251109_134926::ht_008::2,rug_existing_humantime,humantime_gemini-2.5-flash-nothinking_20251109_134926,humantime,gemini-2.5-flash-nothinking,ht_008,<wrapper::Timestamp as std::convert::AsRef<std::time::SystemTime>>::as_ref,ht_008,2,<wrapper::Timestamp as std::convert::AsRef<std::time::SystemTime>>::as_ref,rule,True,True,E0433,single_error,humantime_gemini-2.5-flash-nothinking_20251109_134926::batch_0010,True,True,normalized_resolved,frozen_cleared
humantime_gemini-2.5-flash-nothinking_20251109_134926::ht_010::1,rug_existing_humantime,humantime_gemini-2.5-flash-nothinking_20251109_134926,humantime,gemini-2.5-flash-nothinking,ht_010,<wrapper::Timestamp as std::convert::Into<std::time::SystemTime>>::into,ht_010,1,<wrapper::Timestamp as std::convert::Into<std::time::SystemTime>>::into,rule,True,True,E0433,single_error,humantime_gemini-2.5-flash-nothinking_20251109_134926::batch_0011,True,True,normalized_resolved,frozen_cleared
humantime_gemini-2.5-flash-nothinking_20251109_134926::ht_010::2,rug_existing_humantime,humantime_gemini-2.5-flash-nothinking_20251109_134926,humantime,gemini-2.5-flash-nothinking,ht_010,<wrapper::Timestamp as std::convert::Into<std::time::SystemTime>>::into,ht_010,2,<wrapper::Timestamp as std::convert::Into<std::time::SystemTime>>::into,rule,True,True,E0433,single_error,humantime_gemini-2.5-flash-nothinking_20251109_134926::batch_0012,True,True,normalized_resolved,frozen_cleared
humantime_gemini-2.5-flash-nothinking_20251109_134926::ht_010::3,rug_existing_humantime,humantime_gemini-2.5-flash-nothinking_20251109_134926,humantime,gemini-2.5-flash-nothinking,ht_010,<wrapper::Timestamp as std::convert::Into<std::time::SystemTime>>::into,ht_010,3,<wrapper::Timestamp as std::convert::Into<std::time::SystemTime>>::into,rule,True,True,E0433,single_error,humantime_gemini-2.5-flash-nothinking_20251109_134926::batch_0013,True,True,normalized_resolved,frozen_cleared
humantime_gemini-2.5-flash-nothinking_20251109_134926::ht_012::1,rug_existing_humantime,humantime_gemini-2.5-flash-nothinking_20251109_134926,humantime,gemini-2.5-flash-nothinking,ht_012,<wrapper::Timestamp as std::str::FromStr>::from_str,ht_012,1,<wrapper::Timestamp as std::str::FromStr>::from_str,rule,True,True,E0433,single_error,humantime_gemini-2.5-flash-nothinking_20251109_134926::batch_0014,True,True,normalized_resolved,frozen_cleared
humantime_gemini-2.5-flash-nothinking_20251109_134926::ht_012::2,rug_existing_humantime,humantime_gemini-2.5-flash-nothinking_20251109_134926,humantime,gemini-2.5-flash-nothinking,ht_012,<wrapper::Timestamp as std::str::FromStr>::from_str,ht_012,2,<wrapper::Timestamp as std::str::FromStr>::from_str,rule,True,True,E0433,single_error,humantime_gemini-2.5-flash-nothinking_20251109_134926::batch_0015,True,True,normalized_resolved,frozen_cleared
humantime_gemini-2.5-flash-nothinking_20251109_134926::ht_013::1,rug_existing_humantime,humantime_gemini-2.5-flash-nothinking_20251109_134926,humantime,gemini-2.5-flash-nothinking,ht_013,date::Rfc3339Timestamp::get_ref,ht_013,1,date::Rfc3339Timestamp::get_ref,rule,True,True,E0433,single_error,humantime_gemini-2.5-flash-nothinking_20251109_134926::batch_0016,True,True,normalized_resolved,frozen_cleared
humantime_gemini-2.5-flash-nothinking_20251109_134926::ht_013::2,rug_existing_humantime,humantime_gemini-2.5-flash-nothinking_20251109_134926,humantime,gemini-2.5-flash-nothinking,ht_013,date::Rfc3339Timestamp::get_ref,ht_013,2,date::Rfc3339Timestamp::get_ref,rule,True,True,E0433,single_error,humantime_gemini-2.5-flash-nothinking_20251109_134926::batch_0017,True,True,normalized_resolved,frozen_cleared
humantime_gemini-2.5-flash-nothinking_20251109_134926::ht_023::1,rug_existing_humantime,humantime_gemini-2.5-flash-nothinking_20251109_134926,humantime,gemini-2.5-flash-nothinking,ht_023,date::two_digits::two_digits_inner,ht_023,1,date::two_digits::two_digits_inner,full,False,True,E0433,single_error,humantime_gemini-2.5-flash-nothinking_20251109_134926::batch_0018,True,True,normalized_resolved,frozen_cleared
humantime_gemini-2.5-flash-nothinking_20251109_134926::ht_023::2,rug_existing_humantime,humantime_gemini-2.5-flash-nothinking_20251109_134926,humantime,gemini-2.5-flash-nothinking,ht_023,date::two_digits::two_digits_inner,ht_023,2,date::two_digits::two_digits_inner,full,False,True,E0433,single_error,humantime_gemini-2.5-flash-nothinking_20251109_134926::batch_0019,True,True,normalized_resolved,frozen_cleared
humantime_gemini-2.5-flash-nothinking_20251109_134926::ht_023::3,rug_existing_humantime,humantime_gemini-2.5-flash-nothinking_20251109_134926,humantime,gemini-2.5-flash-nothinking,ht_023,date::two_digits::two_digits_inner,ht_023,3,date::two_digits::two_digits_inner,full,False,True,E0433,single_error,humantime_gemini-2.5-flash-nothinking_20251109_134926::batch_0020,True,True,normalized_resolved,frozen_cleared
humantime_gemini-2.5-flash-nothinking_20251109_134926::ht_023::4,rug_existing_humantime,humantime_gemini-2.5-flash-nothinking_20251109_134926,humantime,gemini-2.5-flash-nothinking,ht_023,date::two_digits::two_digits_inner,ht_023,4,date::two_digits::two_digits_inner,full,False,True,E0433,single_error,humantime_gemini-2.5-flash-nothinking_20251109_134926::batch_0021,True,True,normalized_resolved,frozen_cleared
humantime_gemini-2.5-flash-nothinking_20251109_134926::ht_023::5,rug_existing_humantime,humantime_gemini-2.5-flash-nothinking_20251109_134926,humantime,gemini-2.5-flash-nothinking,ht_023,date::two_digits::two_digits_inner,ht_023,5,date::two_digits::two_digits_inner,full,False,True,E0433,single_error,humantime_gemini-2.5-flash-nothinking_20251109_134926::batch_0022,True,True,normalized_resolved,frozen_cleared
humantime_gemini-2.5-flash-nothinking_20251109_134926::ht_023::6,rug_existing_humantime,humantime_gemini-2.5-flash-nothinking_20251109_134926,humantime,gemini-2.5-flash-nothinking,ht_023,date::two_digits::two_digits_inner,ht_023,6,date::two_digits::two_digits_inner,full,False,True,E0433,single_error,humantime_gemini-2.5-flash-nothinking_20251109_134926::batch_0023,True,True,normalized_resolved,frozen_cleared
humantime_gemini-2.5-flash-nothinking_20251109_134926::ht_024::1,rug_existing_humantime,humantime_gemini-2.5-flash-nothinking_20251109_134926,humantime,gemini-2.5-flash-nothinking,ht_024,duration::FormattedDuration::get_ref,ht_024,1,duration::FormattedDuration::get_ref,rule,True,True,E0433,single_error,humantime_gemini-2.5-flash-nothinking_20251109_134926::batch_0024,True,True,normalized_resolved,frozen_cleared
humantime_gemini-2.5-flash-nothinking_20251109_134926::ht_024::2,rug_existing_humantime,humantime_gemini-2.5-flash-nothinking_20251109_134926,humantime,gemini-2.5-flash-nothinking,ht_024,duration::FormattedDuration::get_ref,ht_024,2,duration::FormattedDuration::get_ref,rule,True,True,E0433,single_error,humantime_gemini-2.5-flash-nothinking_20251109_134926::batch_0025,True,True,normalized_resolved,frozen_cleared
humantime_gemini-2.5-flash-nothinking_20251109_134926::ht_025::1,rug_existing_humantime,humantime_gemini-2.5-flash-nothinking_20251109_134926,humantime,gemini-2.5-flash-nothinking,ht_025,duration::Parser::<'a>::off,ht_025,1,duration::Parser::<'a>::off,unresolved,False,False,E0433,single_error,humantime_gemini-2.5-flash-nothinking_20251109_134926::batch_0026,False,False,normalized_unresolved,frozen_cleared
humantime_gemini-2.5-flash-nothinking_20251109_134926::ht_025::2,rug_existing_humantime,humantime_gemini-2.5-flash-nothinking_20251109_134926,humantime,gemini-2.5-flash-nothinking,ht_025,duration::Parser::<'a>::off,ht_025,2,duration::Parser::<'a>::off,full,False,True,E0433,single_error,humantime_gemini-2.5-flash-nothinking_20251109_134926::batch_0027,True,True,normalized_resolved,frozen_cleared
humantime_gemini-2.5-flash-nothinking_20251109_134926::ht_025::3,rug_existing_humantime,humantime_gemini-2.5-flash-nothinking_20251109_134926,humantime,gemini-2.5-flash-nothinking,ht_025,duration::Parser::<'a>::off,ht_025,3,duration::Parser::<'a>::off,unresolved,False,False,E0433,single_error,humantime_gemini-2.5-flash-nothinking_20251109_134926::batch_0028,False,False,normalized_unresolved,frozen_cleared
humantime_gemini-2.5-flash-nothinking_20251109_134926::ht_025::4,rug_existing_humantime,humantime_gemini-2.5-flash-nothinking_20251109_134926,humantime,gemini-2.5-flash-nothinking,ht_025,duration::Parser::<'a>::off,ht_025,4,duration::Parser::<'a>::off,unresolved,False,False,"E0063,E0308",multi_mixed,humantime_gemini-2.5-flash-nothinking_20251109_134926::batch_0029,False,False,normalized_unresolved,frozen_unresolved
humantime_gemini-2.5-flash-nothinking_20251109_134926::ht_025::5,rug_existing_humantime,humantime_gemini-2.5-flash-nothinking_20251109_134926,humantime,gemini-2.5-flash-nothinking,ht_025,duration::Parser::<'a>::off,ht_025,5,duration::Parser::<'a>::off,full,False,True,E0063,single_error,humantime_gemini-2.5-flash-nothinking_20251109_134926::batch_0030,True,True,normalized_resolved,frozen_cleared
humantime_gemini-2.5-flash-nothinking_20251109_134926::ht_025::6,rug_existing_humantime,humantime_gemini-2.5-flash-nothinking_20251109_134926,humantime,gemini-2.5-flash-nothinking,ht_025,duration::Parser::<'a>::off,ht_025,6,duration::Parser::<'a>::off,full,False,True,E0599,single_error,humantime_gemini-2.5-flash-nothinking_20251109_134926::batch_0031,True,True,normalized_resolved,frozen_cleared
humantime_gemini-2.5-flash-nothinking_20251109_134926::ht_025::7,rug_existing_humantime,humantime_gemini-2.5-flash-nothinking_20251109_134926,humantime,gemini-2.5-flash-nothinking,ht_025,duration::Parser::<'a>::off,ht_025,7,duration::Parser::<'a>::off,unresolved,False,False,E0433,single_error,humantime_gemini-2.5-flash-nothinking_20251109_134926::batch_0032,False,False,normalized_unresolved,frozen_cleared
humantime_gemini-2.5-flash-nothinking_20251109_134926::ht_025::8,rug_existing_humantime,humantime_gemini-2.5-flash-nothinking_20251109_134926,humantime,gemini-2.5-flash-nothinking,ht_025,duration::Parser::<'a>::off,ht_025,8,duration::Parser::<'a>::off,full,False,True,E0433,single_error,humantime_gemini-2.5-flash-nothinking_20251109_134926::batch_0033,True,True,normalized_resolved,frozen_cleared
humantime_gemini-2.5-flash-nothinking_20251109_134926::ht_025::9,rug_existing_humantime,humantime_gemini-2.5-flash-nothinking_20251109_134926,humantime,gemini-2.5-flash-nothinking,ht_025,duration::Parser::<'a>::off,ht_025,9,duration::Parser::<'a>::off,unresolved,False,False,E0433,single_error,humantime_gemini-2.5-flash-nothinking_20251109_134926::batch_0034,False,False,normalized_unresolved,frozen_cleared
humantime_gemini-2.5-flash-nothinking_20251109_134926::ht_025::10,rug_existing_humantime,humantime_gemini-2.5-flash-nothinking_20251109_134926,humantime,gemini-2.5-flash-nothinking,ht_025,duration::Parser::<'a>::off,ht_025,10,duration::Parser::<'a>::off,full,False,True,"E0063,E0308",multi_mixed,humantime_gemini-2.5-flash-nothinking_20251109_134926::batch_0035,True,True,normalized_resolved,frozen_cleared
humantime_gemini-2.5-flash-nothinking_20251109_134926::ht_025::11,rug_existing_humantime,humantime_gemini-2.5-flash-nothinking_20251109_134926,humantime,gemini-2.5-flash-nothinking,ht_025,duration::Parser::<'a>::off,ht_025,11,duration::Parser::<'a>::off,full,False,True,E0063,single_error,humantime_gemini-2.5-flash-nothinking_20251109_134926::batch_0036,True,True,normalized_resolved,frozen_cleared
humantime_gemini-2.5-flash-nothinking_20251109_134926::ht_025::12,rug_existing_humantime,humantime_gemini-2.5-flash-nothinking_20251109_134926,humantime,gemini-2.5-flash-nothinking,ht_025,duration::Parser::<'a>::off,ht_025,12,duration::Parser::<'a>::off,full,False,True,E0599,single_error,humantime_gemini-2.5-flash-nothinking_20251109_134926::batch_0037,True,True,normalized_resolved,frozen_cleared
humantime_gemini-2.5-flash-nothinking_20251109_134926::ht_026::1,rug_existing_humantime,humantime_gemini-2.5-flash-nothinking_20251109_134926,humantime,gemini-2.5-flash-nothinking,ht_026,duration::Parser::<'a>::parse,ht_026,1,duration::Parser::<'a>::parse,full,False,True,E0599,single_error,humantime_gemini-2.5-flash-nothinking_20251109_134926::batch_0038,True,True,normalized_resolved,frozen_cleared
humantime_gemini-2.5-flash-nothinking_20251109_134926::ht_026::2,rug_existing_humantime,humantime_gemini-2.5-flash-nothinking_20251109_134926,humantime,gemini-2.5-flash-nothinking,ht_026,duration::Parser::<'a>::parse,ht_026,2,duration::Parser::<'a>::parse,unresolved,False,False,E0433,single_error,humantime_gemini-2.5-flash-nothinking_20251109_134926::batch_0039,False,False,normalized_unresolved,frozen_cleared
humantime_gemini-2.5-flash-nothinking_20251109_134926::ht_026::3,rug_existing_humantime,humantime_gemini-2.5-flash-nothinking_20251109_134926,humantime,gemini-2.5-flash-nothinking,ht_026,duration::Parser::<'a>::parse,ht_026,3,duration::Parser::<'a>::parse,full,False,True,E0599,single_error,humantime_gemini-2.5-flash-nothinking_20251109_134926::batch_0040,True,True,normalized_resolved,frozen_cleared
humantime_gemini-2.5-flash-nothinking_20251109_134926::ht_026::4,rug_existing_humantime,humantime_gemini-2.5-flash-nothinking_20251109_134926,humantime,gemini-2.5-flash-nothinking,ht_026,duration::Parser::<'a>::parse,ht_026,4,duration::Parser::<'a>::parse,full,False,True,"E0164,E0599",multi_mixed,humantime_gemini-2.5-flash-nothinking_20251109_134926::batch_0041,True,True,normalized_resolved,frozen_cleared
humantime_gemini-2.5-flash-nothinking_20251109_134926::ht_026::5,rug_existing_humantime,humantime_gemini-2.5-flash-nothinking_20251109_134926,humantime,gemini-2.5-flash-nothinking,ht_026,duration::Parser::<'a>::parse,ht_026,5,duration::Parser::<'a>::parse,full,False,True,E0599,single_error,humantime_gemini-2.5-flash-nothinking_20251109_134926::batch_0042,True,True,normalized_resolved,frozen_cleared
humantime_gemini-2.5-flash-nothinking_20251109_134926::ht_026::6,rug_existing_humantime,humantime_gemini-2.5-flash-nothinking_20251109_134926,humantime,gemini-2.5-flash-nothinking,ht_026,duration::Parser::<'a>::parse,ht_026,6,duration::Parser::<'a>::parse,full,False,True,"E0107,E0599",multi_mixed,humantime_gemini-2.5-flash-nothinking_20251109_134926::batch_0043,True,True,normalized_resolved,frozen_cleared
humantime_gemini-2.5-flash-nothinking_20251109_134926::ht_026::7,rug_existing_humantime,humantime_gemini-2.5-flash-nothinking_20251109_134926,humantime,gemini-2.5-flash-nothinking,ht_026,duration::Parser::<'a>::parse,ht_026,7,duration::Parser::<'a>::parse,unresolved,False,False,E0433,single_error,humantime_gemini-2.5-flash-nothinking_20251109_134926::batch_0044,False,False,normalized_unresolved,frozen_cleared
humantime_gemini-2.5-flash-nothinking_20251109_134926::ht_026::8,rug_existing_humantime,humantime_gemini-2.5-flash-nothinking_20251109_134926,humantime,gemini-2.5-flash-nothinking,ht_026,duration::Parser::<'a>::parse,ht_026,8,duration::Parser::<'a>::parse,unresolved,False,False,E0765,single_error,humantime_gemini-2.5-flash-nothinking_20251109_134926::batch_0045,False,False,normalized_runtime_failed,frozen_cleared
humantime_gemini-2.5-flash-nothinking_20251109_134926::ht_026::9,rug_existing_humantime,humantime_gemini-2.5-flash-nothinking_20251109_134926,humantime,gemini-2.5-flash-nothinking,ht_026,duration::Parser::<'a>::parse,ht_026,9,duration::Parser::<'a>::parse,unresolved,False,False,"E0433,E0599",multi_supported_only,humantime_gemini-2.5-flash-nothinking_20251109_134926::batch_0046,False,False,normalized_unresolved,frozen_unresolved
humantime_gemini-2.5-flash-nothinking_20251109_134926::ht_026::10,rug_existing_humantime,humantime_gemini-2.5-flash-nothinking_20251109_134926,humantime,gemini-2.5-flash-nothinking,ht_026,duration::Parser::<'a>::parse,ht_026,10,duration::Parser::<'a>::parse,full,False,True,E0599,single_error,humantime_gemini-2.5-flash-nothinking_20251109_134926::batch_0047,True,True,normalized_resolved,frozen_cleared
humantime_gemini-2.5-flash-nothinking_20251109_134926::ht_026::11,rug_existing_humantime,humantime_gemini-2.5-flash-nothinking_20251109_134926,humantime,gemini-2.5-flash-nothinking,ht_026,duration::Parser::<'a>::parse,ht_026,11,duration::Parser::<'a>::parse,unresolved,False,False,E0599,single_error,humantime_gemini-2.5-flash-nothinking_20251109_134926::batch_0048,False,False,normalized_unresolved,frozen_unresolved
humantime_gemini-2.5-flash-nothinking_20251109_134926::ht_026::12,rug_existing_humantime,humantime_gemini-2.5-flash-nothinking_20251109_134926,humantime,gemini-2.5-flash-nothinking,ht_026,duration::Parser::<'a>::parse,ht_026,12,duration::Parser::<'a>::parse,unresolved,False,False,"E0533,E0599",multi_mixed,humantime_gemini-2.5-flash-nothinking_20251109_134926::batch_0049,False,False,normalized_unresolved,frozen_unresolved
humantime_gemini-2.5-flash-nothinking_20251109_134926::ht_027::1,rug_existing_humantime,humantime_gemini-2.5-flash-nothinking_20251109_134926,humantime,gemini-2.5-flash-nothinking,ht_027,duration::Parser::<'a>::parse_first_char,ht_027,1,duration::Parser::<'a>::parse_first_char,full,False,True,E0560,single_error,humantime_gemini-2.5-flash-nothinking_20251109_134926::batch_0050,True,True,normalized_resolved,frozen_cleared
humantime_gemini-2.5-flash-nothinking_20251109_134926::ht_027::2,rug_existing_humantime,humantime_gemini-2.5-flash-nothinking_20251109_134926,humantime,gemini-2.5-flash-nothinking,ht_027,duration::Parser::<'a>::parse_first_char,ht_027,2,duration::Parser::<'a>::parse_first_char,unresolved,False,False,"E0107,E0432,E0599",multi_mixed,humantime_gemini-2.5-flash-nothinking_20251109_134926::batch_0051,False,False,normalized_unresolved,frozen_unresolved
humantime_gemini-2.5-flash-nothinking_20251109_134926::ht_027::3,rug_existing_humantime,humantime_gemini-2.5-flash-nothinking_20251109_134926,humantime,gemini-2.5-flash-nothinking,ht_027,duration::Parser::<'a>::parse_first_char,ht_027,3,duration::Parser::<'a>::parse_first_char,full,False,True,"E0107,E0599",multi_mixed,humantime_gemini-2.5-flash-nothinking_20251109_134926::batch_0052,True,True,normalized_resolved,frozen_cleared
humantime_gemini-2.5-flash-nothinking_20251109_134926::ht_027::4,rug_existing_humantime,humantime_gemini-2.5-flash-nothinking_20251109_134926,humantime,gemini-2.5-flash-nothinking,ht_027,duration::Parser::<'a>::parse_first_char,ht_027,4,duration::Parser::<'a>::parse_first_char,unresolved,False,False,"E0107,E0599",multi_mixed,humantime_gemini-2.5-flash-nothinking_20251109_134926::batch_0053,False,False,normalized_unresolved,frozen_unresolved
humantime_gemini-2.5-flash-nothinking_20251109_134926::ht_027::5,rug_existing_humantime,humantime_gemini-2.5-flash-nothinking_20251109_134926,humantime,gemini-2.5-flash-nothinking,ht_027,duration::Parser::<'a>::parse_first_char,ht_027,5,duration::Parser::<'a>::parse_first_char,full,False,True,E0599,single_error,humantime_gemini-2.5-flash-nothinking_20251109_134926::batch_0054,True,True,normalized_resolved,frozen_cleared
humantime_gemini-2.5-flash-nothinking_20251109_134926::ht_027::6,rug_existing_humantime,humantime_gemini-2.5-flash-nothinking_20251109_134926,humantime,gemini-2.5-flash-nothinking,ht_027,duration::Parser::<'a>::parse_first_char,ht_027,6,duration::Parser::<'a>::parse_first_char,full,False,True,E0599,single_error,humantime_gemini-2.5-flash-nothinking_20251109_134926::batch_0055,True,True,normalized_resolved,frozen_cleared
humantime_gemini-2.5-flash-nothinking_20251109_134926::ht_027::7,rug_existing_humantime,humantime_gemini-2.5-flash-nothinking_20251109_134926,humantime,gemini-2.5-flash-nothinking,ht_027,duration::Parser::<'a>::parse_first_char,ht_027,7,duration::Parser::<'a>::parse_first_char,unresolved,False,False,"E0432,E0599",multi_supported_only,humantime_gemini-2.5-flash-nothinking_20251109_134926::batch_0056,False,False,normalized_unresolved,frozen_unresolved
humantime_gemini-2.5-flash-nothinking_20251109_134926::ht_027::8,rug_existing_humantime,humantime_gemini-2.5-flash-nothinking_20251109_134926,humantime,gemini-2.5-flash-nothinking,ht_027,duration::Parser::<'a>::parse_first_char,ht_027,8,duration::Parser::<'a>::parse_first_char,unresolved,False,False,"E0432,E0599",multi_supported_only,humantime_gemini-2.5-flash-nothinking_20251109_134926::batch_0057,False,False,normalized_unresolved,frozen_unresolved
humantime_gemini-2.5-flash-nothinking_20251109_134926::ht_027::9,rug_existing_humantime,humantime_gemini-2.5-flash-nothinking_20251109_134926,humantime,gemini-2.5-flash-nothinking,ht_027,duration::Parser::<'a>::parse_first_char,ht_027,9,duration::Parser::<'a>::parse_first_char,unresolved,False,False,E0599,single_error,humantime_gemini-2.5-flash-nothinking_20251109_134926::batch_0058,False,False,normalized_unresolved,frozen_unresolved
humantime_gemini-2.5-flash-nothinking_20251109_134926::ht_027::10,rug_existing_humantime,humantime_gemini-2.5-flash-nothinking_20251109_134926,humantime,gemini-2.5-flash-nothinking,ht_027,duration::Parser::<'a>::parse_first_char,ht_027,10,duration::Parser::<'a>::parse_first_char,full,False,True,E0599,single_error,humantime_gemini-2.5-flash-nothinking_20251109_134926::batch_0059,True,True,normalized_resolved,frozen_cleared
humantime_gemini-2.5-flash-nothinking_20251109_134926::ht_027::11,rug_existing_humantime,humantime_gemini-2.5-flash-nothinking_20251109_134926,humantime,gemini-2.5-flash-nothinking,ht_027,duration::Parser::<'a>::parse_first_char,ht_027,11,duration::Parser::<'a>::parse_first_char,full,False,True,E0599,single_error,humantime_gemini-2.5-flash-nothinking_20251109_134926::batch_0060,True,True,normalized_resolved,frozen_cleared
humantime_gemini-2.5-flash-nothinking_20251109_134926::ht_027::12,rug_existing_humantime,humantime_gemini-2.5-flash-nothinking_20251109_134926,humantime,gemini-2.5-flash-nothinking,ht_027,duration::Parser::<'a>::parse_first_char,ht_027,12,duration::Parser::<'a>::parse_first_char,unresolved,False,False,"E0432,E0599",multi_supported_only,humantime_gemini-2.5-flash-nothinking_20251109_134926::batch_0061,False,False,normalized_unresolved,frozen_unresolved
humantime_gemini-2.5-flash-nothinking_20251109_134926::ht_028::1,rug_existing_humantime,humantime_gemini-2.5-flash-nothinking_20251109_134926,humantime,gemini-2.5-flash-nothinking,ht_028,duration::Parser::<'a>::parse_unit,ht_028,1,duration::Parser::<'a>::parse_unit,full,False,True,E0560,single_error,humantime_gemini-2.5-flash-nothinking_20251109_134926::batch_0062,True,True,normalized_resolved,frozen_cleared
humantime_gemini-2.5-flash-nothinking_20251109_134926::ht_028::2,rug_existing_humantime,humantime_gemini-2.5-flash-nothinking_20251109_134926,humantime,gemini-2.5-flash-nothinking,ht_028,duration::Parser::<'a>::parse_unit,ht_028,2,duration::Parser::<'a>::parse_unit,full,False,True,E0560,single_error,humantime_gemini-2.5-flash-nothinking_20251109_134926::batch_0063,True,True,normalized_resolved,frozen_cleared
humantime_gemini-2.5-flash-nothinking_20251109_134926::ht_028::3,rug_existing_humantime,humantime_gemini-2.5-flash-nothinking_20251109_134926,humantime,gemini-2.5-flash-nothinking,ht_028,duration::Parser::<'a>::parse_unit,ht_028,3,duration::Parser::<'a>::parse_unit,full,False,True,E0560,single_error,humantime_gemini-2.5-flash-nothinking_20251109_134926::batch_0064,True,True,normalized_resolved,frozen_cleared
humantime_gemini-2.5-flash-nothinking_20251109_134926::ht_028::4,rug_existing_humantime,humantime_gemini-2.5-flash-nothinking_20251109_134926,humantime,gemini-2.5-flash-nothinking,ht_028,duration::Parser::<'a>::parse_unit,ht_028,4,duration::Parser::<'a>::parse_unit,full,False,True,E0560,single_error,humantime_gemini-2.5-flash-nothinking_20251109_134926::batch_0065,True,True,normalized_resolved,frozen_cleared
humantime_gemini-2.5-flash-nothinking_20251109_134926::ht_028::5,rug_existing_humantime,humantime_gemini-2.5-flash-nothinking_20251109_134926,humantime,gemini-2.5-flash-nothinking,ht_028,duration::Parser::<'a>::parse_unit,ht_028,5,duration::Parser::<'a>::parse_unit,full,False,True,E0560,single_error,humantime_gemini-2.5-flash-nothinking_20251109_134926::batch_0066,True,True,normalized_resolved,frozen_cleared
humantime_gemini-2.5-flash-nothinking_20251109_134926::ht_028::6,rug_existing_humantime,humantime_gemini-2.5-flash-nothinking_20251109_134926,humantime,gemini-2.5-flash-nothinking,ht_028,duration::Parser::<'a>::parse_unit,ht_028,6,duration::Parser::<'a>::parse_unit,unresolved,False,False,E0560,single_error,humantime_gemini-2.5-flash-nothinking_20251109_134926::batch_0067,False,False,normalized_unresolved,frozen_unresolved
humantime_gemini-2.5-flash-nothinking_20251109_134926::ht_028::7,rug_existing_humantime,humantime_gemini-2.5-flash-nothinking_20251109_134926,humantime,gemini-2.5-flash-nothinking,ht_028,duration::Parser::<'a>::parse_unit,ht_028,7,duration::Parser::<'a>::parse_unit,full,False,True,E0560,single_error,humantime_gemini-2.5-flash-nothinking_20251109_134926::batch_0068,True,True,normalized_resolved,frozen_cleared
humantime_gemini-2.5-flash-nothinking_20251109_134926::ht_028::8,rug_existing_humantime,humantime_gemini-2.5-flash-nothinking_20251109_134926,humantime,gemini-2.5-flash-nothinking,ht_028,duration::Parser::<'a>::parse_unit,ht_028,8,duration::Parser::<'a>::parse_unit,full,False,True,E0560,single_error,humantime_gemini-2.5-flash-nothinking_20251109_134926::batch_0069,True,True,normalized_resolved,frozen_cleared
humantime_gemini-2.5-flash-nothinking_20251109_134926::ht_028::9,rug_existing_humantime,humantime_gemini-2.5-flash-nothinking_20251109_134926,humantime,gemini-2.5-flash-nothinking,ht_028,duration::Parser::<'a>::parse_unit,ht_028,9,duration::Parser::<'a>::parse_unit,full,False,True,E0560,single_error,humantime_gemini-2.5-flash-nothinking_20251109_134926::batch_0070,True,True,normalized_resolved,frozen_cleared
humantime_gemini-2.5-flash-nothinking_20251109_134926::ht_028::10,rug_existing_humantime,humantime_gemini-2.5-flash-nothinking_20251109_134926,humantime,gemini-2.5-flash-nothinking,ht_028,duration::Parser::<'a>::parse_unit,ht_028,10,duration::Parser::<'a>::parse_unit,full,False,True,E0560,single_error,humantime_gemini-2.5-flash-nothinking_20251109_134926::batch_0071,True,True,normalized_resolved,frozen_cleared
humantime_gemini-2.5-flash-nothinking_20251109_134926::ht_028::11,rug_existing_humantime,humantime_gemini-2.5-flash-nothinking_20251109_134926,humantime,gemini-2.5-flash-nothinking,ht_028,duration::Parser::<'a>::parse_unit,ht_028,11,duration::Parser::<'a>::parse_unit,full,False,True,E0560,single_error,humantime_gemini-2.5-flash-nothinking_20251109_134926::batch_0072,True,True,normalized_resolved,frozen_cleared
humantime_gemini-2.5-flash-nothinking_20251109_134926::ht_028::12,rug_existing_humantime,humantime_gemini-2.5-flash-nothinking_20251109_134926,humantime,gemini-2.5-flash-nothinking,ht_028,duration::Parser::<'a>::parse_unit,ht_028,12,duration::Parser::<'a>::parse_unit,unresolved,False,False,E0560,single_error,humantime_gemini-2.5-flash-nothinking_20251109_134926::batch_0073,False,False,normalized_unresolved,frozen_unresolved
humantime_gemini-2.5-flash-nothinking_20251109_134926::ht_030::1,rug_existing_humantime,humantime_gemini-2.5-flash-nothinking_20251109_134926,humantime,gemini-2.5-flash-nothinking,ht_030,duration::item,ht_030,1,duration::item,unresolved,False,False,E0658,single_error,humantime_gemini-2.5-flash-nothinking_20251109_134926::batch_0074,False,False,normalized_unresolved,frozen_unresolved
humantime_gemini-2.5-flash-nothinking_20251109_134926::ht_030::2,rug_existing_humantime,humantime_gemini-2.5-flash-nothinking_20251109_134926,humantime,gemini-2.5-flash-nothinking,ht_030,duration::item,ht_030,2,duration::item,unresolved,False,False,E0658,single_error,humantime_gemini-2.5-flash-nothinking_20251109_134926::batch_0075,False,False,normalized_unresolved,frozen_unresolved
humantime_gemini-2.5-flash-nothinking_20251109_134926::ht_030::3,rug_existing_humantime,humantime_gemini-2.5-flash-nothinking_20251109_134926,humantime,gemini-2.5-flash-nothinking,ht_030,duration::item,ht_030,3,duration::item,unresolved,False,False,E0658,single_error,humantime_gemini-2.5-flash-nothinking_20251109_134926::batch_0076,False,False,normalized_unresolved,frozen_unresolved
humantime_gemini-2.5-flash-nothinking_20251109_134926::ht_030::4,rug_existing_humantime,humantime_gemini-2.5-flash-nothinking_20251109_134926,humantime,gemini-2.5-flash-nothinking,ht_030,duration::item,ht_030,4,duration::item,unresolved,False,False,"E0433,E0658",multi_mixed,humantime_gemini-2.5-flash-nothinking_20251109_134926::batch_0077,False,False,normalized_unresolved,frozen_unresolved
humantime_gemini-2.5-flash-nothinking_20251109_134926::ht_030::5,rug_existing_humantime,humantime_gemini-2.5-flash-nothinking_20251109_134926,humantime,gemini-2.5-flash-nothinking,ht_030,duration::item,ht_030,5,duration::item,unresolved,False,False,"E0433,E0658",multi_mixed,humantime_gemini-2.5-flash-nothinking_20251109_134926::batch_0078,False,False,normalized_unresolved,frozen_unresolved
humantime_gemini-2.5-flash-nothinking_20251109_134926::ht_030::6,rug_existing_humantime,humantime_gemini-2.5-flash-nothinking_20251109_134926,humantime,gemini-2.5-flash-nothinking,ht_030,duration::item,ht_030,6,duration::item,unresolved,False,False,"E0433,E0658",multi_mixed,humantime_gemini-2.5-flash-nothinking_20251109_134926::batch_0079,False,False,normalized_unresolved,frozen_unresolved
humantime_gemini-2.5-flash-nothinking_20251109_134926::ht_031::1,rug_existing_humantime,humantime_gemini-2.5-flash-nothinking_20251109_134926,humantime,gemini-2.5-flash-nothinking,ht_031,duration::item_plural,ht_031,1,duration::item_plural,unresolved,False,False,E0658,single_error,humantime_gemini-2.5-flash-nothinking_20251109_134926::batch_0080,False,False,normalized_unresolved,frozen_unresolved
humantime_gemini-2.5-flash-nothinking_20251109_134926::ht_031::2,rug_existing_humantime,humantime_gemini-2.5-flash-nothinking_20251109_134926,humantime,gemini-2.5-flash-nothinking,ht_031,duration::item_plural,ht_031,2,duration::item_plural,unresolved,False,False,E0116,single_error,humantime_gemini-2.5-flash-nothinking_20251109_134926::batch_0081,False,False,normalized_unresolved,frozen_unresolved
humantime_gemini-2.5-flash-nothinking_20251109_134926::ht_031::3,rug_existing_humantime,humantime_gemini-2.5-flash-nothinking_20251109_134926,humantime,gemini-2.5-flash-nothinking,ht_031,duration::item_plural,ht_031,3,duration::item_plural,unresolved,False,False,E0658,single_error,humantime_gemini-2.5-flash-nothinking_20251109_134926::batch_0082,False,False,normalized_unresolved,frozen_unresolved
humantime_gemini-2.5-flash-nothinking_20251109_134926::ht_031::4,rug_existing_humantime,humantime_gemini-2.5-flash-nothinking_20251109_134926,humantime,gemini-2.5-flash-nothinking,ht_031,duration::item_plural,ht_031,4,duration::item_plural,unresolved,False,False,"E0116,E0433",multi_mixed,humantime_gemini-2.5-flash-nothinking_20251109_134926::batch_0083,False,False,normalized_unresolved,frozen_unresolved
humantime_gemini-2.5-flash-nothinking_20251109_134926::ht_031::5,rug_existing_humantime,humantime_gemini-2.5-flash-nothinking_20251109_134926,humantime,gemini-2.5-flash-nothinking,ht_031,duration::item_plural,ht_031,5,duration::item_plural,unresolved,False,False,"E0433,E0658",multi_mixed,humantime_gemini-2.5-flash-nothinking_20251109_134926::batch_0084,False,False,normalized_unresolved,frozen_unresolved
humantime_gemini-2.5-flash-nothinking_20251109_134926::ht_031::6,rug_existing_humantime,humantime_gemini-2.5-flash-nothinking_20251109_134926,humantime,gemini-2.5-flash-nothinking,ht_031,duration::item_plural,ht_031,6,duration::item_plural,unresolved,False,False,"E0116,E0433",multi_mixed,humantime_gemini-2.5-flash-nothinking_20251109_134926::batch_0085,False,False,normalized_unresolved,frozen_unresolved
humantime_rugae_base4_humantime_replay::ht_001::1,rugae_base4_humantime_replay,humantime_rugae_base4_humantime_replay,humantime,gpt-4-1106-preview,ht_001,<u64 as duration::OverflowOp>::add,ht_001,1,<u64 as duration::OverflowOp>::add,full,False,True,E0308,single_error,humantime_rugae_base4_humantime_replay::batch_0001,True,True,normalized_resolved,frozen_cleared
humantime_rugae_base4_humantime_replay::ht_007::1,rugae_base4_humantime_replay,humantime_rugae_base4_humantime_replay,humantime,gpt-4-1106-preview,ht_007,<wrapper::Duration as std::str::FromStr>::from_str,ht_007,1,<wrapper::Duration as std::str::FromStr>::from_str,unresolved,False,False,"E0308,E0433",multi_supported_only,humantime_rugae_base4_humantime_replay::batch_0002,False,False,normalized_unresolved,frozen_unresolved
humantime_rugae_base4_humantime_replay::ht_007::2,rugae_base4_humantime_replay,humantime_rugae_base4_humantime_replay,humantime,gpt-4-1106-preview,ht_007,<wrapper::Duration as std::str::FromStr>::from_str,ht_007,2,<wrapper::Duration as std::str::FromStr>::from_str,unresolved,False,False,E0432,single_error,humantime_rugae_base4_humantime_replay::batch_0003,False,False,normalized_unresolved,frozen_cleared
humantime_rugae_base4_humantime_replay::ht_019::1,rugae_base4_humantime_replay,humantime_rugae_base4_humantime_replay,humantime,gpt-4-1106-preview,ht_019,date::is_leap_year,ht_019,1,date::is_leap_year,rule,True,True,E0432,single_error,humantime_rugae_base4_humantime_replay::batch_0004,False,True,normalized_resolved,frozen_cleared
humantime_rugae_base4_humantime_replay::ht_019::2,rugae_base4_humantime_replay,humantime_rugae_base4_humantime_replay,humantime,gpt-4-1106-preview,ht_019,date::is_leap_year,ht_019,2,date::is_leap_year,rule,True,True,E0432,single_error,humantime_rugae_base4_humantime_replay::batch_0005,False,True,normalized_resolved,frozen_cleared
humantime_rugae_base4_humantime_replay::ht_021::1,rugae_base4_humantime_replay,humantime_rugae_base4_humantime_replay,humantime,gpt-4-1106-preview,ht_021,date::parse_rfc3339_weak,ht_021,1,date::parse_rfc3339_weak,rule,True,True,E0432,single_error,humantime_rugae_base4_humantime_replay::batch_0006,True,True,normalized_resolved,frozen_cleared
humantime_rugae_base4_humantime_replay::ht_027::1,rugae_base4_humantime_replay,humantime_rugae_base4_humantime_replay,humantime,gpt-4-1106-preview,ht_027,duration::Parser::<'a>::parse_first_char,ht_027,1,duration::Parser::<'a>::parse_first_char,unresolved,False,False,"E0277,E0308",multi_mixed,humantime_rugae_base4_humantime_replay::batch_0007,False,False,normalized_unresolved,frozen_unresolved
humantime_rugae_base4_humantime_replay::ht_030::1,rugae_base4_humantime_replay,humantime_rugae_base4_humantime_replay,humantime,gpt-4-1106-preview,ht_030,duration::item,ht_030,1,duration::item,full,False,True,E0432,single_error,humantime_rugae_base4_humantime_replay::batch_0008,True,True,normalized_resolved,frozen_cleared
humantime_rugae_base4_humantime_replay::ht_030::2,rugae_base4_humantime_replay,humantime_rugae_base4_humantime_replay,humantime,gpt-4-1106-preview,ht_030,duration::item,ht_030,2,duration::item,full,False,True,E0308,single_error,humantime_rugae_base4_humantime_replay::batch_0009,True,True,normalized_resolved,frozen_cleared
humantime_rugae_base4_humantime_replay::ht_031::1,rugae_base4_humantime_replay,humantime_rugae_base4_humantime_replay,humantime,gpt-4-1106-preview,ht_031,duration::item_plural,ht_031,1,duration::item_plural,unresolved,False,False,E0599,single_error,humantime_rugae_base4_humantime_replay::batch_0010,False,False,normalized_unresolved,frozen_unresolved
humantime_rugae_base4_humantime_replay::ht_031::2,rugae_base4_humantime_replay,humantime_rugae_base4_humantime_replay,humantime,gpt-4-1106-preview,ht_031,duration::item_plural,ht_031,2,duration::item_plural,unresolved,False,False,E0658,single_error,humantime_rugae_base4_humantime_replay::batch_0011,False,False,normalized_unresolved,frozen_unresolved
humantime_rugae_hybrid4_humantime_replay::ht_001::1,rugae_hybrid4_humantime_replay,humantime_rugae_hybrid4_humantime_replay,humantime,gpt-4-1106-preview,ht_001,<u64 as duration::OverflowOp>::add,ht_001,1,<u64 as duration::OverflowOp>::add,full,False,True,E0308,single_error,humantime_rugae_hybrid4_humantime_replay::batch_0001,True,True,normalized_resolved,frozen_cleared
humantime_rugae_hybrid4_humantime_replay::ht_007::1,rugae_hybrid4_humantime_replay,humantime_rugae_hybrid4_humantime_replay,humantime,gpt-4-1106-preview,ht_007,<wrapper::Duration as std::str::FromStr>::from_str,ht_007,1,<wrapper::Duration as std::str::FromStr>::from_str,unresolved,False,False,"E0308,E0433",multi_supported_only,humantime_rugae_hybrid4_humantime_replay::batch_0002,False,False,normalized_unresolved,frozen_unresolved
humantime_rugae_hybrid4_humantime_replay::ht_007::2,rugae_hybrid4_humantime_replay,humantime_rugae_hybrid4_humantime_replay,humantime,gpt-4-1106-preview,ht_007,<wrapper::Duration as std::str::FromStr>::from_str,ht_007,2,<wrapper::Duration as std::str::FromStr>::from_str,unresolved,False,False,E0432,single_error,humantime_rugae_hybrid4_humantime_replay::batch_0003,False,False,normalized_unresolved,frozen_cleared
humantime_rugae_hybrid4_humantime_replay::ht_019::1,rugae_hybrid4_humantime_replay,humantime_rugae_hybrid4_humantime_replay,humantime,gpt-4-1106-preview,ht_019,date::is_leap_year,ht_019,1,date::is_leap_year,rule,True,True,E0432,single_error,humantime_rugae_hybrid4_humantime_replay::batch_0004,False,True,normalized_resolved,frozen_cleared
humantime_rugae_hybrid4_humantime_replay::ht_019::2,rugae_hybrid4_humantime_replay,humantime_rugae_hybrid4_humantime_replay,humantime,gpt-4-1106-preview,ht_019,date::is_leap_year,ht_019,2,date::is_leap_year,rule,True,True,E0432,single_error,humantime_rugae_hybrid4_humantime_replay::batch_0005,False,True,normalized_resolved,frozen_cleared
humantime_rugae_hybrid4_humantime_replay::ht_021::1,rugae_hybrid4_humantime_replay,humantime_rugae_hybrid4_humantime_replay,humantime,gpt-4-1106-preview,ht_021,date::parse_rfc3339_weak,ht_021,1,date::parse_rfc3339_weak,rule,True,True,E0432,single_error,humantime_rugae_hybrid4_humantime_replay::batch_0006,True,True,normalized_resolved,frozen_cleared
humantime_rugae_hybrid4_humantime_replay::ht_027::1,rugae_hybrid4_humantime_replay,humantime_rugae_hybrid4_humantime_replay,humantime,gpt-4-1106-preview,ht_027,duration::Parser::<'a>::parse_first_char,ht_027,1,duration::Parser::<'a>::parse_first_char,unresolved,False,False,"E0277,E0308",multi_mixed,humantime_rugae_hybrid4_humantime_replay::batch_0007,False,False,normalized_unresolved,frozen_unresolved
humantime_rugae_hybrid4_humantime_replay::ht_030::1,rugae_hybrid4_humantime_replay,humantime_rugae_hybrid4_humantime_replay,humantime,gpt-4-1106-preview,ht_030,duration::item,ht_030,1,duration::item,full,False,True,E0432,single_error,humantime_rugae_hybrid4_humantime_replay::batch_0008,True,True,normalized_resolved,frozen_cleared
humantime_rugae_hybrid4_humantime_replay::ht_030::2,rugae_hybrid4_humantime_replay,humantime_rugae_hybrid4_humantime_replay,humantime,gpt-4-1106-preview,ht_030,duration::item,ht_030,2,duration::item,full,False,True,E0308,single_error,humantime_rugae_hybrid4_humantime_replay::batch_0009,True,True,normalized_resolved,frozen_cleared
humantime_rugae_hybrid4_humantime_replay::ht_031::1,rugae_hybrid4_humantime_replay,humantime_rugae_hybrid4_humantime_replay,humantime,gpt-4-1106-preview,ht_031,duration::item_plural,ht_031,1,duration::item_plural,unresolved,False,False,E0599,single_error,humantime_rugae_hybrid4_humantime_replay::batch_0010,False,False,normalized_unresolved,frozen_unresolved
humantime_rugae_hybrid4_humantime_replay::ht_031::2,rugae_hybrid4_humantime_replay,humantime_rugae_hybrid4_humantime_replay,humantime,gpt-4-1106-preview,ht_031,duration::item_plural,ht_031,2,duration::item_plural,unresolved,False,False,E0658,single_error,humantime_rugae_hybrid4_humantime_replay::batch_0011,False,False,normalized_unresolved,frozen_unresolved
humantime_rustyunit_humantime_replay::ht_007::1,rustyunit_humantime_replay,humantime_rustyunit_humantime_replay,humantime,gpt-3.5-turbo-16k-0613,ht_007,<wrapper::Duration as std::str::FromStr>::from_str,ht_007,1,<wrapper::Duration as std::str::FromStr>::from_str,full,False,True,E0425,single_error,humantime_rustyunit_humantime_replay::batch_0001,True,True,normalized_resolved,frozen_cleared
humantime_rustyunit_humantime_replay::ht_007::2,rustyunit_humantime_replay,humantime_rustyunit_humantime_replay,humantime,gpt-3.5-turbo-16k-0613,ht_007,<wrapper::Duration as std::str::FromStr>::from_str,ht_007,2,<wrapper::Duration as std::str::FromStr>::from_str,full,False,True,E0425,single_error,humantime_rustyunit_humantime_replay::batch_0002,True,True,normalized_resolved,frozen_cleared
humantime_rustyunit_humantime_replay::ht_012::1,rustyunit_humantime_replay,humantime_rustyunit_humantime_replay,humantime,gpt-3.5-turbo-16k-0613,ht_012,<wrapper::Timestamp as std::str::FromStr>::from_str,ht_012,1,<wrapper::Timestamp as std::str::FromStr>::from_str,full,False,True,E0425,single_error,humantime_rustyunit_humantime_replay::batch_0003,True,True,normalized_resolved,frozen_cleared
humantime_rustyunit_humantime_replay::ht_012::2,rustyunit_humantime_replay,humantime_rustyunit_humantime_replay,humantime,gpt-3.5-turbo-16k-0613,ht_012,<wrapper::Timestamp as std::str::FromStr>::from_str,ht_012,2,<wrapper::Timestamp as std::str::FromStr>::from_str,unresolved,False,False,E0432,single_error,humantime_rustyunit_humantime_replay::batch_0004,False,False,normalized_unresolved,frozen_cleared
humantime_rustyunit_humantime_replay::ht_015::1,rustyunit_humantime_replay,humantime_rustyunit_humantime_replay,humantime,gpt-3.5-turbo-16k-0613,ht_015,date::format_rfc3339_micros,ht_015,1,date::format_rfc3339_micros,unresolved,False,False,E0369,single_error,humantime_rustyunit_humantime_replay::batch_0005,False,False,normalized_unresolved,frozen_cleared
humantime_rustyunit_humantime_replay::ht_015::2,rustyunit_humantime_replay,humantime_rustyunit_humantime_replay,humantime,gpt-3.5-turbo-16k-0613,ht_015,date::format_rfc3339_micros,ht_015,2,date::format_rfc3339_micros,unresolved,False,False,"E0369,E0432",multi_mixed,humantime_rustyunit_humantime_replay::batch_0006,False,False,normalized_unresolved,frozen_unresolved
humantime_rustyunit_humantime_replay::ht_016::1,rustyunit_humantime_replay,humantime_rustyunit_humantime_replay,humantime,gpt-3.5-turbo-16k-0613,ht_016,date::format_rfc3339_millis,ht_016,1,date::format_rfc3339_millis,unresolved,False,False,E0369,single_error,humantime_rustyunit_humantime_replay::batch_0007,False,False,normalized_unresolved,frozen_cleared
humantime_rustyunit_humantime_replay::ht_016::2,rustyunit_humantime_replay,humantime_rustyunit_humantime_replay,humantime,gpt-3.5-turbo-16k-0613,ht_016,date::format_rfc3339_millis,ht_016,2,date::format_rfc3339_millis,unresolved,False,False,E0369,single_error,humantime_rustyunit_humantime_replay::batch_0008,False,False,normalized_unresolved,frozen_cleared
humantime_rustyunit_humantime_replay::ht_018::1,rustyunit_humantime_replay,humantime_rustyunit_humantime_replay,humantime,gpt-3.5-turbo-16k-0613,ht_018,date::format_rfc3339_seconds,ht_018,1,date::format_rfc3339_seconds,unresolved,False,False,E0369,single_error,humantime_rustyunit_humantime_replay::batch_0009,False,False,normalized_unresolved,frozen_cleared
humantime_rustyunit_humantime_replay::ht_018::2,rustyunit_humantime_replay,humantime_rustyunit_humantime_replay,humantime,gpt-3.5-turbo-16k-0613,ht_018,date::format_rfc3339_seconds,ht_018,2,date::format_rfc3339_seconds,unresolved,False,False,E0369,single_error,humantime_rustyunit_humantime_replay::batch_0010,False,False,normalized_unresolved,frozen_cleared
humantime_rustyunit_humantime_replay::ht_019::1,rustyunit_humantime_replay,humantime_rustyunit_humantime_replay,humantime,gpt-3.5-turbo-16k-0613,ht_019,date::is_leap_year,ht_019,1,date::is_leap_year,unresolved,False,False,E0432,single_error,humantime_rustyunit_humantime_replay::batch_0011,False,False,normalized_unresolved,frozen_cleared
humantime_rustyunit_humantime_replay::ht_024::1,rustyunit_humantime_replay,humantime_rustyunit_humantime_replay,humantime,gpt-3.5-turbo-16k-0613,ht_024,duration::FormattedDuration::get_ref,ht_024,1,duration::FormattedDuration::get_ref,unresolved,False,False,E0659,single_error,humantime_rustyunit_humantime_replay::batch_0012,False,False,normalized_unresolved,frozen_cleared
humantime_rustyunit_humantime_replay::ht_026::1,rustyunit_humantime_replay,humantime_rustyunit_humantime_replay,humantime,gpt-3.5-turbo-16k-0613,ht_026,duration::Parser::<'a>::parse,ht_026,1,duration::Parser::<'a>::parse,unresolved,False,False,"E0308,E0599",multi_supported_only,humantime_rustyunit_humantime_replay::batch_0013,False,False,normalized_unresolved,frozen_unresolved
humantime_rustyunit_humantime_replay::ht_026::2,rustyunit_humantime_replay,humantime_rustyunit_humantime_replay,humantime,gpt-3.5-turbo-16k-0613,ht_026,duration::Parser::<'a>::parse,ht_026,2,duration::Parser::<'a>::parse,unresolved,False,False,"E0308,E0599",multi_supported_only,humantime_rustyunit_humantime_replay::batch_0014,False,False,normalized_unresolved,frozen_unresolved
humantime_rustyunit_humantime_replay::ht_028::1,rustyunit_humantime_replay,humantime_rustyunit_humantime_replay,humantime,gpt-3.5-turbo-16k-0613,ht_028,duration::Parser::<'a>::parse_unit,ht_028,1,duration::Parser::<'a>::parse_unit,unresolved,False,False,NO_CODE,single_error,humantime_rustyunit_humantime_replay::batch_0015,False,False,normalized_unresolved,no_frozen
humantime_rustyunit_humantime_replay::ht_028::2,rustyunit_humantime_replay,humantime_rustyunit_humantime_replay,humantime,gpt-3.5-turbo-16k-0613,ht_028,duration::Parser::<'a>::parse_unit,ht_028,2,duration::Parser::<'a>::parse_unit,unresolved,False,False,E0433,single_error,humantime_rustyunit_humantime_replay::batch_0016,False,True,normalized_resolved,frozen_cleared
humantime_rustyunit_humantime_replay::ht_030::1,rustyunit_humantime_replay,humantime_rustyunit_humantime_replay,humantime,gpt-3.5-turbo-16k-0613,ht_030,duration::item,ht_030,1,duration::item,unresolved,False,False,E0432,single_error,humantime_rustyunit_humantime_replay::batch_0017,False,False,normalized_unresolved,frozen_cleared
humantime_rustyunit_humantime_replay::ht_030::2,rustyunit_humantime_replay,humantime_rustyunit_humantime_replay,humantime,gpt-3.5-turbo-16k-0613,ht_030,duration::item,ht_030,2,duration::item,unresolved,False,False,E0308,single_error,humantime_rustyunit_humantime_replay::batch_0018,False,False,normalized_unresolved,frozen_cleared
humantime_rustyunit_humantime_replay::ht_031::1,rustyunit_humantime_replay,humantime_rustyunit_humantime_replay,humantime,gpt-3.5-turbo-16k-0613,ht_031,duration::item_plural,ht_031,1,duration::item_plural,unresolved,False,False,E0308,single_error,humantime_rustyunit_humantime_replay::batch_0019,False,False,normalized_unresolved,frozen_cleared
humantime_rustyunit_humantime_replay::ht_031::2,rustyunit_humantime_replay,humantime_rustyunit_humantime_replay,humantime,gpt-3.5-turbo-16k-0613,ht_031,duration::item_plural,ht_031,2,duration::item_plural,unresolved,False,False,"E0599,E0658",multi_mixed,humantime_rustyunit_humantime_replay::batch_0020,False,False,normalized_unresolved,frozen_unresolved
humantime_rustyunit_humantime_replay::ht_032::1,rustyunit_humantime_replay,humantime_rustyunit_humantime_replay,humantime,gpt-3.5-turbo-16k-0613,ht_032,duration::parse_duration,ht_032,1,duration::parse_duration,unresolved,False,False,"E0252,E0255",multi_unsupported_only,humantime_rustyunit_humantime_replay::batch_0021,False,False,normalized_unresolved,frozen_unresolved
