batch_id,run_id,final_status,normalized_status,final_stage,attempt_count,rule_duration_sec,full_duration_sec,final_pending,strict_success,normalized_success,strict_normalized_delta,frozen_status
humantime_direct_llm_1shot::batch_0001,humantime_direct_llm_1shot,unresolved_after_full,normalized_unresolved,full,1,4.198,3.707,True,False,False,0,frozen_cleared
humantime_direct_llm_1shot::batch_0002,humantime_direct_llm_1shot,unresolved_after_full,normalized_unresolved,full,1,4.611,4.156,True,False,False,0,frozen_cleared
humantime_direct_llm_1shot::batch_0003,humantime_direct_llm_1shot,resolved_by_full,normalized_resolved,full,1,5.56,20.505,False,True,True,0,frozen_cleared
humantime_direct_llm_1shot::batch_0004,humantime_direct_llm_1shot,resolved_by_full,normalized_resolved,full,1,3.2,23.932,False,True,True,0,frozen_cleared
humantime_direct_llm_1shot::batch_0005,humantime_direct_llm_1shot,unresolved_after_full,normalized_unresolved,full,1,3.667,33.043,True,False,False,0,frozen_unresolved
humantime_direct_llm_1shot::batch_0006,humantime_direct_llm_1shot,unresolved_after_full,normalized_unresolved,full,1,4.13,75.756,True,False,False,0,frozen_unresolved
humantime_direct_llm_1shot::batch_0007,humantime_direct_llm_1shot,unresolved_after_full,normalized_unresolved,full,1,4.623,75.757,True,False,False,0,frozen_unresolved
humantime_direct_llm_1shot::batch_0008,humantime_direct_llm_1shot,resolved_by_full,normalized_resolved,full,1,4.358,27.72,False,True,True,0,frozen_cleared
humantime_direct_llm_1shot::batch_0009,humantime_direct_llm_1shot,resolved_by_rule,normalized_resolved,rule,1,3.93,,False,True,True,0,frozen_cleared
humantime_direct_llm_1shot::batch_0010,humantime_direct_llm_1shot,resolved_by_full,normalized_resolved,full,1,3.759,29.071,False,True,True,0,frozen_cleared
humantime_direct_llm_1shot::batch_0011,humantime_direct_llm_1shot,resolved_by_rule,normalized_resolved,rule,1,4.205,,False,True,True,0,frozen_cleared
humantime_direct_llm_1shot::batch_0012,humantime_direct_llm_1shot,unresolved_after_full,normalized_unresolved,full,1,6.696,29.508,True,False,False,0,frozen_unresolved
humantime_direct_llm_1shot::batch_0013,humantime_direct_llm_1shot,unresolved_after_full,normalized_unresolved,full,1,5.467,47.06,True,False,False,0,frozen_cleared
humantime_direct_llm_1shot::batch_0014,humantime_direct_llm_1shot,unresolved_after_full,normalized_unresolved,full,1,4.857,43.551,True,False,False,0,frozen_cleared
humantime_direct_llm_1shot::batch_0015,humantime_direct_llm_1shot,unresolved_after_full,normalized_unresolved,full,1,3.995,50.667,True,False,False,0,frozen_cleared
humantime_direct_llm_1shot::batch_0016,humantime_direct_llm_1shot,unresolved_after_full,normalized_unresolved,full,1,4.859,16.867,True,False,False,0,frozen_unresolved
humantime_direct_llm_1shot::batch_0017,humantime_direct_llm_1shot,resolved_by_full,normalized_resolved,full,1,5.126,12.515,False,True,True,0,frozen_cleared
humantime_direct_llm_1shot::batch_0018,humantime_direct_llm_1shot,resolved_by_full,normalized_resolved,full,1,4.846,8.671,False,True,True,0,frozen_cleared
humantime_direct_llm_1shot::batch_0019,humantime_direct_llm_1shot,unresolved_after_full,normalized_unresolved,full,1,5.765,19.97,True,False,False,0,frozen_unresolved
humantime_direct_llm_1shot::batch_0020,humantime_direct_llm_1shot,resolved_by_rule,normalized_resolved,rule,1,6.568,,False,True,True,0,frozen_cleared
humantime_direct_llm_1shot::batch_0021,humantime_direct_llm_1shot,resolved_by_rule,normalized_resolved,rule,1,3.613,,False,True,True,0,frozen_cleared
humantime_direct_llm_1shot::batch_0022,humantime_direct_llm_1shot,resolved_by_rule,normalized_resolved,rule,1,4.163,,False,True,True,0,frozen_cleared
humantime_direct_llm_1shot::batch_0023,humantime_direct_llm_1shot,unresolved_after_full,normalized_unresolved,full,1,5.348,46.795,True,False,False,0,frozen_unresolved
humantime_direct_llm_1shot::batch_0024,humantime_direct_llm_1shot,unresolved_after_full,normalized_unresolved,full,1,6.235,76.977,True,False,False,0,frozen_unresolved
humantime_direct_llm_1shot::batch_0025,humantime_direct_llm_1shot,unresolved_after_full,normalized_unresolved,full,1,4.814,56.591,True,False,False,0,frozen_unresolved
humantime_direct_llm_1shot::batch_0026,humantime_direct_llm_1shot,unresolved_after_full,normalized_unresolved,full,1,4.228,41.622,True,False,False,0,frozen_unresolved
humantime_direct_llm_1shot::batch_0027,humantime_direct_llm_1shot,unresolved_after_full,normalized_unresolved,full,1,3.939,47.281,True,False,False,0,frozen_unresolved
humantime_direct_llm_1shot::batch_0028,humantime_direct_llm_1shot,unresolved_after_full,normalized_unresolved,full,1,5.357,56.764,True,False,False,0,frozen_unresolved
humantime_direct_llm_1shot::batch_0029,humantime_direct_llm_1shot,unresolved_after_full,normalized_unresolved,full,1,5.523,75.607,True,False,False,0,frozen_unresolved
humantime_direct_llm_1shot::batch_0030,humantime_direct_llm_1shot,unresolved_after_full,normalized_unresolved,full,1,4.677,84.46,True,False,False,0,frozen_unresolved
humantime_direct_llm_1shot::batch_0031,humantime_direct_llm_1shot,unresolved_after_full,normalized_unresolved,full,1,5.006,43.684,True,False,False,0,frozen_unresolved
humantime_direct_llm_1shot::batch_0032,humantime_direct_llm_1shot,unresolved_after_full,normalized_unresolved,full,1,5.855,246.052,True,False,False,0,frozen_unresolved
humantime_direct_llm_1shot::batch_0033,humantime_direct_llm_1shot,unresolved_after_full,normalized_unresolved,full,1,5.126,325.472,True,False,False,0,frozen_unresolved
humantime_direct_llm_1shot::batch_0034,humantime_direct_llm_1shot,unresolved_after_full,normalized_unresolved,full,1,6.97,174.532,True,False,False,0,frozen_unresolved
humantime_direct_llm_1shot::batch_0035,humantime_direct_llm_1shot,resolved_by_rule,normalized_resolved,rule,1,7.308,,False,True,True,0,frozen_cleared
humantime_direct_llm_1shot::batch_0036,humantime_direct_llm_1shot,unresolved_after_full,normalized_unresolved,full,1,6.809,85.716,True,False,False,0,frozen_unresolved
humantime_direct_llm_1shot::batch_0037,humantime_direct_llm_1shot,resolved_by_rule,normalized_resolved,rule,1,7.552,,False,True,True,0,frozen_cleared
humantime_direct_llm_1shot::batch_0038,humantime_direct_llm_1shot,unresolved_after_full,normalized_unresolved,full,1,5.923,182.975,True,False,False,0,frozen_unresolved
humantime_direct_llm_1shot::batch_0039,humantime_direct_llm_1shot,resolved_by_full,normalized_resolved,full,1,6.129,84.341,False,True,True,0,frozen_cleared
humantime_direct_llm_1shot::batch_0040,humantime_direct_llm_1shot,unresolved_after_full,normalized_unresolved,full,1,5.47,119.884,True,False,False,0,frozen_unresolved
humantime_direct_llm_1shot::batch_0041,humantime_direct_llm_1shot,unresolved_after_full,normalized_unresolved,full,1,7.881,86.781,True,False,False,0,frozen_unresolved
humantime_direct_llm_1shot::batch_0042,humantime_direct_llm_1shot,unresolved_after_full,normalized_unresolved,full,1,6.866,92.477,True,False,False,0,frozen_unresolved
humantime_direct_llm_1shot::batch_0043,humantime_direct_llm_1shot,unresolved_after_full,normalized_unresolved,full,1,6.268,20.873,True,False,False,0,frozen_unresolved
humantime_direct_llm_1shot::batch_0044,humantime_direct_llm_1shot,unresolved_after_full,normalized_unresolved,full,1,6.93,19.771,True,False,False,0,frozen_unresolved
humantime_direct_llm_1shot::batch_0045,humantime_direct_llm_1shot,unresolved_after_full,normalized_unresolved,full,1,6.319,16.823,True,False,False,0,frozen_unresolved
humantime_direct_llm_1shot::batch_0046,humantime_direct_llm_1shot,unresolved_after_full,normalized_unresolved,full,1,6.315,139.899,True,False,False,0,frozen_unresolved
humantime_gemini-2.5-flash-nothinking_20251109_134926::batch_0001,humantime_gemini-2.5-flash-nothinking_20251109_134926,resolved_by_rule,normalized_resolved,rule,1,7.132,,False,True,True,0,frozen_cleared
humantime_gemini-2.5-flash-nothinking_20251109_134926::batch_0002,humantime_gemini-2.5-flash-nothinking_20251109_134926,resolved_by_rule,normalized_resolved,rule,1,6.141,,False,True,True,0,frozen_cleared
humantime_gemini-2.5-flash-nothinking_20251109_134926::batch_0003,humantime_gemini-2.5-flash-nothinking_20251109_134926,resolved_by_rule,normalized_resolved,rule,1,6.28,,False,True,True,0,frozen_cleared
humantime_gemini-2.5-flash-nothinking_20251109_134926::batch_0004,humantime_gemini-2.5-flash-nothinking_20251109_134926,resolved_by_rule,normalized_resolved,rule,1,6.002,,False,True,True,0,frozen_cleared
humantime_gemini-2.5-flash-nothinking_20251109_134926::batch_0005,humantime_gemini-2.5-flash-nothinking_20251109_134926,resolved_by_rule,normalized_resolved,rule,1,7.62,,False,True,True,0,frozen_cleared
humantime_gemini-2.5-flash-nothinking_20251109_134926::batch_0006,humantime_gemini-2.5-flash-nothinking_20251109_134926,resolved_by_rule,normalized_resolved,rule,1,7.361,,False,True,True,0,frozen_cleared
humantime_gemini-2.5-flash-nothinking_20251109_134926::batch_0007,humantime_gemini-2.5-flash-nothinking_20251109_134926,resolved_by_rule,normalized_resolved,rule,1,7.609,,False,True,True,0,frozen_cleared
humantime_gemini-2.5-flash-nothinking_20251109_134926::batch_0008,humantime_gemini-2.5-flash-nothinking_20251109_134926,resolved_by_rule,normalized_resolved,rule,1,6.285,,False,True,True,0,frozen_cleared
humantime_gemini-2.5-flash-nothinking_20251109_134926::batch_0009,humantime_gemini-2.5-flash-nothinking_20251109_134926,resolved_by_rule,normalized_resolved,rule,1,7.559,,False,True,True,0,frozen_cleared
humantime_gemini-2.5-flash-nothinking_20251109_134926::batch_0010,humantime_gemini-2.5-flash-nothinking_20251109_134926,resolved_by_rule,normalized_resolved,rule,1,6.798,,False,True,True,0,frozen_cleared
humantime_gemini-2.5-flash-nothinking_20251109_134926::batch_0011,humantime_gemini-2.5-flash-nothinking_20251109_134926,resolved_by_rule,normalized_resolved,rule,1,6.579,,False,True,True,0,frozen_cleared
humantime_gemini-2.5-flash-nothinking_20251109_134926::batch_0012,humantime_gemini-2.5-flash-nothinking_20251109_134926,resolved_by_rule,normalized_resolved,rule,1,7.136,,False,True,True,0,frozen_cleared
humantime_gemini-2.5-flash-nothinking_20251109_134926::batch_0013,humantime_gemini-2.5-flash-nothinking_20251109_134926,resolved_by_rule,normalized_resolved,rule,1,6.39,,False,True,True,0,frozen_cleared
humantime_gemini-2.5-flash-nothinking_20251109_134926::batch_0014,humantime_gemini-2.5-flash-nothinking_20251109_134926,resolved_by_rule,normalized_resolved,rule,1,7.481,,False,True,True,0,frozen_cleared
humantime_gemini-2.5-flash-nothinking_20251109_134926::batch_0015,humantime_gemini-2.5-flash-nothinking_20251109_134926,resolved_by_rule,normalized_resolved,rule,1,7.172,,False,True,True,0,frozen_cleared
humantime_gemini-2.5-flash-nothinking_20251109_134926::batch_0016,humantime_gemini-2.5-flash-nothinking_20251109_134926,resolved_by_rule,normalized_resolved,rule,1,7.775,,False,True,True,0,frozen_cleared
humantime_gemini-2.5-flash-nothinking_20251109_134926::batch_0017,humantime_gemini-2.5-flash-nothinking_20251109_134926,resolved_by_rule,normalized_resolved,rule,1,7.736,,False,True,True,0,frozen_cleared
humantime_gemini-2.5-flash-nothinking_20251109_134926::batch_0018,humantime_gemini-2.5-flash-nothinking_20251109_134926,resolved_by_full,normalized_resolved,full,1,6.149,10.377,False,True,True,0,frozen_cleared
humantime_gemini-2.5-flash-nothinking_20251109_134926::batch_0019,humantime_gemini-2.5-flash-nothinking_20251109_134926,resolved_by_full,normalized_resolved,full,1,6.11,11.651,False,True,True,0,frozen_cleared
humantime_gemini-2.5-flash-nothinking_20251109_134926::batch_0020,humantime_gemini-2.5-flash-nothinking_20251109_134926,resolved_by_full,normalized_resolved,full,1,7.547,14.262,False,True,True,0,frozen_cleared
humantime_gemini-2.5-flash-nothinking_20251109_134926::batch_0021,humantime_gemini-2.5-flash-nothinking_20251109_134926,resolved_by_full,normalized_resolved,full,1,12.32,17.082,False,True,True,0,frozen_cleared
humantime_gemini-2.5-flash-nothinking_20251109_134926::batch_0022,humantime_gemini-2.5-flash-nothinking_20251109_134926,resolved_by_full,normalized_resolved,full,1,11.595,18.006,False,True,True,0,frozen_cleared
humantime_gemini-2.5-flash-nothinking_20251109_134926::batch_0023,humantime_gemini-2.5-flash-nothinking_20251109_134926,resolved_by_full,normalized_resolved,full,1,9.871,17.04,False,True,True,0,frozen_cleared
humantime_gemini-2.5-flash-nothinking_20251109_134926::batch_0024,humantime_gemini-2.5-flash-nothinking_20251109_134926,resolved_by_rule,normalized_resolved,rule,1,8.074,,False,True,True,0,frozen_cleared
humantime_gemini-2.5-flash-nothinking_20251109_134926::batch_0025,humantime_gemini-2.5-flash-nothinking_20251109_134926,resolved_by_rule,normalized_resolved,rule,1,6.709,,False,True,True,0,frozen_cleared
humantime_gemini-2.5-flash-nothinking_20251109_134926::batch_0026,humantime_gemini-2.5-flash-nothinking_20251109_134926,unresolved_after_full,normalized_unresolved,full,1,11.567,23.943,True,False,False,0,frozen_cleared
humantime_gemini-2.5-flash-nothinking_20251109_134926::batch_0027,humantime_gemini-2.5-flash-nothinking_20251109_134926,resolved_by_full,normalized_resolved,full,1,11.23,15.616,False,True,True,0,frozen_cleared
humantime_gemini-2.5-flash-nothinking_20251109_134926::batch_0028,humantime_gemini-2.5-flash-nothinking_20251109_134926,unresolved_after_full,normalized_unresolved,full,1,11.36,24.176,True,False,False,0,frozen_cleared
humantime_gemini-2.5-flash-nothinking_20251109_134926::batch_0029,humantime_gemini-2.5-flash-nothinking_20251109_134926,unresolved_after_full,normalized_unresolved,full,1,8.953,60.964,True,False,False,0,frozen_unresolved
humantime_gemini-2.5-flash-nothinking_20251109_134926::batch_0030,humantime_gemini-2.5-flash-nothinking_20251109_134926,resolved_by_full,normalized_resolved,full,1,7.649,10.511,False,True,True,0,frozen_cleared
humantime_gemini-2.5-flash-nothinking_20251109_134926::batch_0031,humantime_gemini-2.5-flash-nothinking_20251109_134926,resolved_by_full,normalized_resolved,full,1,6.888,12.095,False,True,True,0,frozen_cleared
humantime_gemini-2.5-flash-nothinking_20251109_134926::batch_0032,humantime_gemini-2.5-flash-nothinking_20251109_134926,unresolved_after_full,normalized_unresolved,full,1,11.163,28.393,True,False,False,0,frozen_cleared
humantime_gemini-2.5-flash-nothinking_20251109_134926::batch_0033,humantime_gemini-2.5-flash-nothinking_20251109_134926,resolved_by_full,normalized_resolved,full,1,13.917,12.381,False,True,True,0,frozen_cleared
humantime_gemini-2.5-flash-nothinking_20251109_134926::batch_0034,humantime_gemini-2.5-flash-nothinking_20251109_134926,unresolved_after_full,normalized_unresolved,full,1,12.675,29.619,True,False,False,0,frozen_cleared
humantime_gemini-2.5-flash-nothinking_20251109_134926::batch_0035,humantime_gemini-2.5-flash-nothinking_20251109_134926,resolved_by_full,normalized_resolved,full,1,7.41,10.569,False,True,True,0,frozen_cleared
humantime_gemini-2.5-flash-nothinking_20251109_134926::batch_0036,humantime_gemini-2.5-flash-nothinking_20251109_134926,resolved_by_full,normalized_resolved,full,1,8.072,13.371,False,True,True,0,frozen_cleared
humantime_gemini-2.5-flash-nothinking_20251109_134926::batch_0037,humantime_gemini-2.5-flash-nothinking_20251109_134926,resolved_by_full,normalized_resolved,full,1,7.495,12.06,False,True,True,0,frozen_cleared
humantime_gemini-2.5-flash-nothinking_20251109_134926::batch_0038,humantime_gemini-2.5-flash-nothinking_20251109_134926,resolved_by_full,normalized_resolved,full,1,7.427,17.234,False,True,True,0,frozen_cleared
humantime_gemini-2.5-flash-nothinking_20251109_134926::batch_0039,humantime_gemini-2.5-flash-nothinking_20251109_134926,unresolved_after_full,normalized_unresolved,full,1,11.333,147.012,True,False,False,0,frozen_cleared
humantime_gemini-2.5-flash-nothinking_20251109_134926::batch_0040,humantime_gemini-2.5-flash-nothinking_20251109_134926,resolved_by_full,normalized_resolved,full,1,6.006,16.304,False,True,True,0,frozen_cleared
humantime_gemini-2.5-flash-nothinking_20251109_134926::batch_0041,humantime_gemini-2.5-flash-nothinking_20251109_134926,resolved_by_full,normalized_resolved,full,1,5.294,32.114,False,True,True,0,frozen_cleared
humantime_gemini-2.5-flash-nothinking_20251109_134926::batch_0042,humantime_gemini-2.5-flash-nothinking_20251109_134926,resolved_by_full,normalized_resolved,full,1,5.543,15.795,False,True,True,0,frozen_cleared
humantime_gemini-2.5-flash-nothinking_20251109_134926::batch_0043,humantime_gemini-2.5-flash-nothinking_20251109_134926,resolved_by_full,normalized_resolved,full,1,8.324,19.348,False,True,True,0,frozen_cleared
humantime_gemini-2.5-flash-nothinking_20251109_134926::batch_0044,humantime_gemini-2.5-flash-nothinking_20251109_134926,unresolved_after_full,normalized_unresolved,full,1,10.425,23.185,True,False,False,0,frozen_cleared
humantime_gemini-2.5-flash-nothinking_20251109_134926::batch_0045,humantime_gemini-2.5-flash-nothinking_20251109_134926,full_runtime_failed,normalized_runtime_failed,full,1,0.126,4.075,True,False,False,0,frozen_cleared
humantime_gemini-2.5-flash-nothinking_20251109_134926::batch_0046,humantime_gemini-2.5-flash-nothinking_20251109_134926,unresolved_after_full,normalized_unresolved,full,1,10.707,214.961,True,False,False,0,frozen_unresolved
humantime_gemini-2.5-flash-nothinking_20251109_134926::batch_0047,humantime_gemini-2.5-flash-nothinking_20251109_134926,resolved_by_full,normalized_resolved,full,1,6.612,14.402,False,True,True,0,frozen_cleared
humantime_gemini-2.5-flash-nothinking_20251109_134926::batch_0048,humantime_gemini-2.5-flash-nothinking_20251109_134926,unresolved_after_full,normalized_unresolved,full,1,6.215,56.715,True,False,False,0,frozen_unresolved
humantime_gemini-2.5-flash-nothinking_20251109_134926::batch_0049,humantime_gemini-2.5-flash-nothinking_20251109_134926,unresolved_after_full,normalized_unresolved,full,1,6.822,189.873,True,False,False,0,frozen_unresolved
humantime_gemini-2.5-flash-nothinking_20251109_134926::batch_0050,humantime_gemini-2.5-flash-nothinking_20251109_134926,resolved_by_full,normalized_resolved,full,1,5.875,13.088,False,True,True,0,frozen_cleared
humantime_gemini-2.5-flash-nothinking_20251109_134926::batch_0051,humantime_gemini-2.5-flash-nothinking_20251109_134926,unresolved_after_full,normalized_unresolved,full,1,9.951,28.311,True,False,False,0,frozen_unresolved
humantime_gemini-2.5-flash-nothinking_20251109_134926::batch_0052,humantime_gemini-2.5-flash-nothinking_20251109_134926,resolved_by_full,normalized_resolved,full,1,5.934,13.063,False,True,True,0,frozen_cleared
humantime_gemini-2.5-flash-nothinking_20251109_134926::batch_0053,humantime_gemini-2.5-flash-nothinking_20251109_134926,unresolved_after_full,normalized_unresolved,full,1,6.037,92.802,True,False,False,0,frozen_unresolved
humantime_gemini-2.5-flash-nothinking_20251109_134926::batch_0054,humantime_gemini-2.5-flash-nothinking_20251109_134926,resolved_by_full,normalized_resolved,full,1,7.418,13.129,False,True,True,0,frozen_cleared
humantime_gemini-2.5-flash-nothinking_20251109_134926::batch_0055,humantime_gemini-2.5-flash-nothinking_20251109_134926,resolved_by_full,normalized_resolved,full,1,7.484,14.705,False,True,True,0,frozen_cleared
humantime_gemini-2.5-flash-nothinking_20251109_134926::batch_0056,humantime_gemini-2.5-flash-nothinking_20251109_134926,unresolved_after_full,normalized_unresolved,full,1,10.557,87.227,True,False,False,0,frozen_unresolved
humantime_gemini-2.5-flash-nothinking_20251109_134926::batch_0057,humantime_gemini-2.5-flash-nothinking_20251109_134926,unresolved_after_full,normalized_unresolved,full,1,11.364,26.638,True,False,False,0,frozen_unresolved
humantime_gemini-2.5-flash-nothinking_20251109_134926::batch_0058,humantime_gemini-2.5-flash-nothinking_20251109_134926,unresolved_after_full,normalized_unresolved,full,1,7.406,22.175,True,False,False,0,frozen_unresolved
humantime_gemini-2.5-flash-nothinking_20251109_134926::batch_0059,humantime_gemini-2.5-flash-nothinking_20251109_134926,resolved_by_full,normalized_resolved,full,1,7.334,13.138,False,True,True,0,frozen_cleared
humantime_gemini-2.5-flash-nothinking_20251109_134926::batch_0060,humantime_gemini-2.5-flash-nothinking_20251109_134926,resolved_by_full,normalized_resolved,full,1,6.587,14.587,False,True,True,0,frozen_cleared
humantime_gemini-2.5-flash-nothinking_20251109_134926::batch_0061,humantime_gemini-2.5-flash-nothinking_20251109_134926,unresolved_after_full,normalized_unresolved,full,1,10.988,94.489,True,False,False,0,frozen_unresolved
humantime_gemini-2.5-flash-nothinking_20251109_134926::batch_0062,humantime_gemini-2.5-flash-nothinking_20251109_134926,resolved_by_full,normalized_resolved,full,1,7.277,11.751,False,True,True,0,frozen_cleared
humantime_gemini-2.5-flash-nothinking_20251109_134926::batch_0063,humantime_gemini-2.5-flash-nothinking_20251109_134926,resolved_by_full,normalized_resolved,full,1,6.987,12.842,False,True,True,0,frozen_cleared
humantime_gemini-2.5-flash-nothinking_20251109_134926::batch_0064,humantime_gemini-2.5-flash-nothinking_20251109_134926,resolved_by_full,normalized_resolved,full,1,7.488,12.516,False,True,True,0,frozen_cleared
humantime_gemini-2.5-flash-nothinking_20251109_134926::batch_0065,humantime_gemini-2.5-flash-nothinking_20251109_134926,resolved_by_full,normalized_resolved,full,1,6.878,18.245,False,True,True,0,frozen_cleared
humantime_gemini-2.5-flash-nothinking_20251109_134926::batch_0066,humantime_gemini-2.5-flash-nothinking_20251109_134926,resolved_by_full,normalized_resolved,full,1,6.934,10.087,False,True,True,0,frozen_cleared
humantime_gemini-2.5-flash-nothinking_20251109_134926::batch_0067,humantime_gemini-2.5-flash-nothinking_20251109_134926,unresolved_after_full,normalized_unresolved,full,1,7.34,122.525,True,False,False,0,frozen_unresolved
humantime_gemini-2.5-flash-nothinking_20251109_134926::batch_0068,humantime_gemini-2.5-flash-nothinking_20251109_134926,resolved_by_full,normalized_resolved,full,1,7.091,10.792,False,True,True,0,frozen_cleared
humantime_gemini-2.5-flash-nothinking_20251109_134926::batch_0069,humantime_gemini-2.5-flash-nothinking_20251109_134926,resolved_by_full,normalized_resolved,full,1,7.36,13.038,False,True,True,0,frozen_cleared
humantime_gemini-2.5-flash-nothinking_20251109_134926::batch_0070,humantime_gemini-2.5-flash-nothinking_20251109_134926,resolved_by_full,normalized_resolved,full,1,6.469,13.12,False,True,True,0,frozen_cleared
humantime_gemini-2.5-flash-nothinking_20251109_134926::batch_0071,humantime_gemini-2.5-flash-nothinking_20251109_134926,resolved_by_full,normalized_resolved,full,1,6.488,12.924,False,True,True,0,frozen_cleared
humantime_gemini-2.5-flash-nothinking_20251109_134926::batch_0072,humantime_gemini-2.5-flash-nothinking_20251109_134926,resolved_by_full,normalized_resolved,full,1,6.616,14.269,False,True,True,0,frozen_cleared
humantime_gemini-2.5-flash-nothinking_20251109_134926::batch_0073,humantime_gemini-2.5-flash-nothinking_20251109_134926,unresolved_after_full,normalized_unresolved,full,1,5.735,33.473,True,False,False,0,frozen_unresolved
humantime_gemini-2.5-flash-nothinking_20251109_134926::batch_0074,humantime_gemini-2.5-flash-nothinking_20251109_134926,unresolved_after_full,normalized_unresolved,full,1,4.996,20.537,True,False,False,0,frozen_unresolved
humantime_gemini-2.5-flash-nothinking_20251109_134926::batch_0075,humantime_gemini-2.5-flash-nothinking_20251109_134926,unresolved_after_full,normalized_unresolved,full,1,6.894,22.942,True,False,False,0,frozen_unresolved
humantime_gemini-2.5-flash-nothinking_20251109_134926::batch_0076,humantime_gemini-2.5-flash-nothinking_20251109_134926,unresolved_after_full,normalized_unresolved,full,1,7.046,24.547,True,False,False,0,frozen_unresolved
humantime_gemini-2.5-flash-nothinking_20251109_134926::batch_0077,humantime_gemini-2.5-flash-nothinking_20251109_134926,unresolved_after_full,normalized_unresolved,full,1,8.791,29.281,True,False,False,0,frozen_unresolved
humantime_gemini-2.5-flash-nothinking_20251109_134926::batch_0078,humantime_gemini-2.5-flash-nothinking_20251109_134926,unresolved_after_full,normalized_unresolved,full,1,9.538,24.966,True,False,False,0,frozen_unresolved
humantime_gemini-2.5-flash-nothinking_20251109_134926::batch_0079,humantime_gemini-2.5-flash-nothinking_20251109_134926,unresolved_after_full,normalized_unresolved,full,1,8.053,77.709,True,False,False,0,frozen_unresolved
humantime_gemini-2.5-flash-nothinking_20251109_134926::batch_0080,humantime_gemini-2.5-flash-nothinking_20251109_134926,unresolved_after_full,normalized_unresolved,full,1,5.036,21.764,True,False,False,0,frozen_unresolved
humantime_gemini-2.5-flash-nothinking_20251109_134926::batch_0081,humantime_gemini-2.5-flash-nothinking_20251109_134926,unresolved_after_full,normalized_unresolved,full,1,6.655,23.707,True,False,False,0,frozen_unresolved
humantime_gemini-2.5-flash-nothinking_20251109_134926::batch_0082,humantime_gemini-2.5-flash-nothinking_20251109_134926,unresolved_after_full,normalized_unresolved,full,1,5.612,22.151,True,False,False,0,frozen_unresolved
humantime_gemini-2.5-flash-nothinking_20251109_134926::batch_0083,humantime_gemini-2.5-flash-nothinking_20251109_134926,unresolved_after_full,normalized_unresolved,full,1,7.007,27.567,True,False,False,0,frozen_unresolved
humantime_gemini-2.5-flash-nothinking_20251109_134926::batch_0084,humantime_gemini-2.5-flash-nothinking_20251109_134926,unresolved_after_full,normalized_unresolved,full,1,9.416,24.762,True,False,False,0,frozen_unresolved
humantime_gemini-2.5-flash-nothinking_20251109_134926::batch_0085,humantime_gemini-2.5-flash-nothinking_20251109_134926,unresolved_after_full,normalized_unresolved,full,1,8.978,26.855,True,False,False,0,frozen_unresolved
humantime_rugae_base4_humantime_replay::batch_0001,humantime_rugae_base4_humantime_replay,resolved_by_full,normalized_resolved,full,1,4.946,14.949,False,True,True,0,frozen_cleared
humantime_rugae_base4_humantime_replay::batch_0002,humantime_rugae_base4_humantime_replay,unresolved_after_full,normalized_unresolved,full,1,10.467,19.837,True,False,False,0,frozen_unresolved
humantime_rugae_base4_humantime_replay::batch_0003,humantime_rugae_base4_humantime_replay,unresolved_after_full,normalized_unresolved,full,1,6.668,16.651,True,False,False,0,frozen_cleared
humantime_rugae_base4_humantime_replay::batch_0004,humantime_rugae_base4_humantime_replay,frozen_nonreproducible,normalized_resolved,repro,1,,,True,False,True,1,frozen_cleared
humantime_rugae_base4_humantime_replay::batch_0005,humantime_rugae_base4_humantime_replay,frozen_nonreproducible,normalized_resolved,repro,1,,,True,False,True,1,frozen_cleared
humantime_rugae_base4_humantime_replay::batch_0006,humantime_rugae_base4_humantime_replay,resolved_by_rule,normalized_resolved,rule,1,5.658,,False,True,True,0,frozen_cleared
humantime_rugae_base4_humantime_replay::batch_0007,humantime_rugae_base4_humantime_replay,unresolved_after_full,normalized_unresolved,full,1,4.372,29.581,True,False,False,0,frozen_unresolved
humantime_rugae_base4_humantime_replay::batch_0008,humantime_rugae_base4_humantime_replay,resolved_by_full,normalized_resolved,full,1,5.512,6.822,False,True,True,0,frozen_cleared
humantime_rugae_base4_humantime_replay::batch_0009,humantime_rugae_base4_humantime_replay,resolved_by_full,normalized_resolved,full,1,4.538,6.823,False,True,True,0,frozen_cleared
humantime_rugae_base4_humantime_replay::batch_0010,humantime_rugae_base4_humantime_replay,unresolved_after_full,normalized_unresolved,full,1,4.983,62.894,True,False,False,0,frozen_unresolved
humantime_rugae_base4_humantime_replay::batch_0011,humantime_rugae_base4_humantime_replay,unresolved_after_full,normalized_unresolved,full,1,5.289,58.818,True,False,False,0,frozen_unresolved
humantime_rugae_hybrid4_humantime_replay::batch_0001,humantime_rugae_hybrid4_humantime_replay,resolved_by_full,normalized_resolved,full,1,4.611,10.441,False,True,True,0,frozen_cleared
humantime_rugae_hybrid4_humantime_replay::batch_0002,humantime_rugae_hybrid4_humantime_replay,unresolved_after_full,normalized_unresolved,full,1,7.587,20.333,True,False,False,0,frozen_unresolved
humantime_rugae_hybrid4_humantime_replay::batch_0003,humantime_rugae_hybrid4_humantime_replay,unresolved_after_full,normalized_unresolved,full,1,5.251,18.951,True,False,False,0,frozen_cleared
humantime_rugae_hybrid4_humantime_replay::batch_0004,humantime_rugae_hybrid4_humantime_replay,frozen_nonreproducible,normalized_resolved,repro,1,,,True,False,True,1,frozen_cleared
humantime_rugae_hybrid4_humantime_replay::batch_0005,humantime_rugae_hybrid4_humantime_replay,frozen_nonreproducible,normalized_resolved,repro,1,,,True,False,True,1,frozen_cleared
humantime_rugae_hybrid4_humantime_replay::batch_0006,humantime_rugae_hybrid4_humantime_replay,resolved_by_rule,normalized_resolved,rule,1,5.104,,False,True,True,0,frozen_cleared
humantime_rugae_hybrid4_humantime_replay::batch_0007,humantime_rugae_hybrid4_humantime_replay,unresolved_after_full,normalized_unresolved,full,1,5.617,30.185,True,False,False,0,frozen_unresolved
humantime_rugae_hybrid4_humantime_replay::batch_0008,humantime_rugae_hybrid4_humantime_replay,resolved_by_full,normalized_resolved,full,1,4.745,6.096,False,True,True,0,frozen_cleared
humantime_rugae_hybrid4_humantime_replay::batch_0009,humantime_rugae_hybrid4_humantime_replay,resolved_by_full,normalized_resolved,full,1,5.095,6.982,False,True,True,0,frozen_cleared
humantime_rugae_hybrid4_humantime_replay::batch_0010,humantime_rugae_hybrid4_humantime_replay,unresolved_after_full,normalized_unresolved,full,1,5.312,53.816,True,False,False,0,frozen_unresolved
humantime_rugae_hybrid4_humantime_replay::batch_0011,humantime_rugae_hybrid4_humantime_replay,unresolved_after_full,normalized_unresolved,full,1,4.157,53.245,True,False,False,0,frozen_unresolved
humantime_rustyunit_humantime_replay::batch_0001,humantime_rustyunit_humantime_replay,resolved_by_full,normalized_resolved,full,1,3.071,24.59,False,True,True,0,frozen_cleared
humantime_rustyunit_humantime_replay::batch_0002,humantime_rustyunit_humantime_replay,resolved_by_full,normalized_resolved,full,1,2.729,6.409,False,True,True,0,frozen_cleared
humantime_rustyunit_humantime_replay::batch_0003,humantime_rustyunit_humantime_replay,resolved_by_full,normalized_resolved,full,1,5.357,8.506,False,True,True,0,frozen_cleared
humantime_rustyunit_humantime_replay::batch_0004,humantime_rustyunit_humantime_replay,unresolved_after_full,normalized_unresolved,full,1,6.932,16.226,True,False,False,0,frozen_cleared
humantime_rustyunit_humantime_replay::batch_0005,humantime_rustyunit_humantime_replay,unresolved_after_full,normalized_unresolved,full,1,5.122,16.139,True,False,False,0,frozen_cleared
humantime_rustyunit_humantime_replay::batch_0006,humantime_rustyunit_humantime_replay,unresolved_after_full,normalized_unresolved,full,1,4.04,4.187,True,False,False,0,frozen_unresolved
humantime_rustyunit_humantime_replay::batch_0007,humantime_rustyunit_humantime_replay,unresolved_after_full,normalized_unresolved,full,1,4.138,15.109,True,False,False,0,frozen_cleared
humantime_rustyunit_humantime_replay::batch_0008,humantime_rustyunit_humantime_replay,unresolved_after_full,normalized_unresolved,full,1,4.349,20.978,True,False,False,0,frozen_cleared
humantime_rustyunit_humantime_replay::batch_0009,humantime_rustyunit_humantime_replay,unresolved_after_full,normalized_unresolved,full,1,4.545,13.583,True,False,False,0,frozen_cleared
humantime_rustyunit_humantime_replay::batch_0010,humantime_rustyunit_humantime_replay,unresolved_after_full,normalized_unresolved,full,1,4.262,17.298,True,False,False,0,frozen_cleared
humantime_rustyunit_humantime_replay::batch_0011,humantime_rustyunit_humantime_replay,unresolved_after_full,normalized_unresolved,full,1,7.15,20.266,True,False,False,0,frozen_cleared
humantime_rustyunit_humantime_replay::batch_0012,humantime_rustyunit_humantime_replay,unresolved_after_full,normalized_unresolved,full,1,4.624,17.551,True,False,False,0,frozen_cleared
humantime_rustyunit_humantime_replay::batch_0013,humantime_rustyunit_humantime_replay,unresolved_after_full,normalized_unresolved,full,1,3.772,46.742,True,False,False,0,frozen_unresolved
humantime_rustyunit_humantime_replay::batch_0014,humantime_rustyunit_humantime_replay,unresolved_after_full,normalized_unresolved,full,1,3.658,28.429,True,False,False,0,frozen_unresolved
humantime_rustyunit_humantime_replay::batch_0015,humantime_rustyunit_humantime_replay,unresolved_after_full,normalized_unresolved,full,1,8.278,211.915,True,False,False,0,no_frozen
humantime_rustyunit_humantime_replay::batch_0016,humantime_rustyunit_humantime_replay,unresolved_after_full,normalized_resolved,full,1,3.001,0.0,True,False,True,1,frozen_cleared
humantime_rustyunit_humantime_replay::batch_0017,humantime_rustyunit_humantime_replay,unresolved_after_full,normalized_unresolved,full,1,5.573,15.451,True,False,False,0,frozen_cleared
humantime_rustyunit_humantime_replay::batch_0018,humantime_rustyunit_humantime_replay,unresolved_after_full,normalized_unresolved,full,1,3.152,26.895,True,False,False,0,frozen_cleared
humantime_rustyunit_humantime_replay::batch_0019,humantime_rustyunit_humantime_replay,unresolved_after_full,normalized_unresolved,full,1,3.716,28.933,True,False,False,0,frozen_cleared
humantime_rustyunit_humantime_replay::batch_0020,humantime_rustyunit_humantime_replay,unresolved_after_full,normalized_unresolved,full,1,3.916,15.798,True,False,False,0,frozen_unresolved
humantime_rustyunit_humantime_replay::batch_0021,humantime_rustyunit_humantime_replay,unresolved_after_full,normalized_unresolved,full,1,3.817,4.475,True,False,False,0,frozen_unresolved
